filename,slug,pageTitle,metaDesc,lastUpdated,verdict,oneLineReason
a-beautiful-mind.html,a-beautiful-mind,"A Beautiful Mind Book vs Movie: Nasar Owns the Truth. Howard Own…","The biography gives you Nash's full life—the cruelty, the brilliance, the decades of illness. The film gives you what it feels like to lose reality.","2026-04-11",Too Close to Call,"Nasar's biography owns Nash's full truth; Howard's film owns the terror of losing your mind."
a-knight-of-the-seven-kingdoms.html,a-knight-of-the-seven-kingdoms,"A Knight of the Seven Kingdoms Book vs Series: Martin's Warmth v…","Martin gave Westeros heart in three novellas. HBO gave it scale and faces. Both versions are irreplaceable—read and watch in any order.","2026-04-11",Too Close to Call,"Martin's prose warmth versus HBO's fully realised world—each irreplaceable."
a-little-life.html,a-little-life,"A Little Life Book vs Movie: Yanagihara's 700 Pages Can't Fit in…","Van Hove's film compresses what only works through accumulation. The novel's slow devastation becomes rushed suffering. Read the book.","2026-04-11",Book Wins,"The novel's 700-page accumulation of trauma cannot survive two-hour compression."
a-man-called-ove.html,a-man-called-ove,"A Man Called Ove Book vs Movie: Without His Inner Voice, He's Ju…","Hannes Holm's film captures the warmth. It can't capture the caustic brilliance that makes Ove more than a curmudgeon. Read the book first.","2026-04-11",Book Wins,"Ove's caustic internal monologue exists only on the page."
a-walk-to-remember.html,a-walk-to-remember,"A Walk to Remember Book vs Movie: Sparks's 1950s Grief Earns Wha…","The novel's retrospective voice and period setting make the loss feel earned. The 2002 film is easier to cry at—but harder to believe.","2026-04-11",Book Wins,"Retrospective narration and 1950s setting earn emotional weight the film cannot replicate."
about-a-boy.html,about-a-boy,"About a Boy Book vs Movie: Hornby Owns Marcus. Grant Owns Will.","The novel gets inside Marcus's head in ways the film can't. The film gives Will a face Hornby never quite managed. Both are essential.","2026-04-11",Too Close to Call,"Hornby's prose owns Marcus's strangeness; Grant owns Will's weaponized charm."
all-quiet-on-the-western-front.html,all-quiet-on-the-western-front,"All Quiet Book vs Movie: Remarque's Voice vs Berger's Armistice …","Remarque wrote from the trenches in first person. Berger made the first honest German-language film. Both are irreplaceable. Read first.","2026-04-11",Too Close to Call,"Remarque's first-person voice irreplaceable; Berger's German perspective and armistice framing irreplaceable."
all-the-light-we-cannot-see.html,all-the-light-we-cannot-see,"All the Light Book vs Series: Doerr Makes You See Through Marie-…","Netflix captured the plot. It can't capture the prose that turns blindness into a way of knowing the world. Read the book first.","2026-04-11",Book Wins,"Doerr's prose renders Marie-Laure's blindness as heightened perception; no camera can replicate that."
along-came-a-spider.html,along-came-a-spider,"Along Came a Spider Book vs Movie: Jezzie's Betrayal Only Works …","Patterson's Jezzie twist devastates. The film turns her into a generic corrupt cop. Soneji's fractured mind? Gone. Read the book first.","2026-04-11",Book Wins,"Jezzie's betrayal and Soneji's fractured psychology exist only on the page."
american-gods.html,american-gods,"American Gods Book vs Series: The Series Was Cancelled. The Book…","Fuller's first season is visually stunning. Then the show collapsed and left Gaiman's mystery unfinished. Read the book—it actually ends.","2026-04-11",Book Wins,"The novel completes its mystery; the series was cancelled unresolved."
american-psycho.html,american-psycho,"American Psycho Book vs Movie: Ellis's Bateman Is Unfilmable. Ha…","The novel's violence and unreliable narration can't survive adaptation. Harron made a sharp satire instead. Read Ellis first—it's still radical.","2026-04-11",Book Wins,"Ellis's unreliable narrator and graphic violence exist only on the page."
animal-farm.html,animal-farm,"Animal Farm Book vs Movie: Orwell's 80 Pages Are Perfect. Serkis…","The novella is surgical. The film is sincere and beautiful. But every scene Serkis adds to reach feature length dilutes what Orwell kept spare.","2026-04-11",Book Wins,"Orwell's prose economy — eighty pages of surgical precision — cannot be expanded without loss."
annihilation.html,annihilation,"Annihilation Book vs Movie: VanderMeer's Nameless Voice Is What …","Garland made one of the most beautiful sci-fi films in years. He still can't replicate VanderMeer's unnamed narrator. Read the book first.","2026-04-11",Book Wins,"The biologist's unnamed first-person voice cannot be filmed."
arrival.html,arrival,"Story of Your Life Book vs Movie","","2026-04-15",Too Close to Call,"Novella is pure intellect; film adds heart without betraying it."
atonement.html,atonement,"Atonement Book vs Movie: Read It First or Briony's Confession Me…","Wright made one of the most beautiful films of the 2000s. It still can't do what McEwan does on the page. Read the book first.","2026-04-11",Book Wins,"The metafictional ending only works on the page."
band-of-brothers.html,band-of-brothers,"Band of Brothers Book vs Series: Ambrose Owns the Record. HBO Ow…","The book is history. The series is the finest combat television ever made. You need both. Either order works.","2026-04-11",Too Close to Call,"Ambrose's history owns the record; the series owns the visceral experience of combat."
beloved.html,beloved,"Beloved Book vs Movie: Morrison's Fragments Enact Trauma. Demme …","The novel's structure is the trauma—nonlinear, circling, refusing closure. Demme's film proceeds chronologically. Read the book first.","2026-04-11",Book Wins,"Morrison's fragmented prose enacts trauma; film must proceed chronologically."
big-fish.html,big-fish,"Big Fish Book vs Movie: Wallace's Gaps vs Burton's Daffodils—Bot…","Wallace wrote spare melancholy. Burton made visual extravagance. Each owns something the other can't touch. Read or watch first—both work.","2026-04-11",Too Close to Call,"Wallace's gaps exist only on the page; Burton's daffodils only on screen."
big-little-lies-hbo.html,big-little-lies-hbo,"Big Little Lies Book vs Series: Moriarty's Wit vs. Kidman's Wrec…","The novel is funnier. The series is more devastating. Vallée's Monterey sharpens what Moriarty kept light. Both versions earn their ending.","2026-04-11",Too Close to Call,"Moriarty's comic voice sustains on the page; Kidman's performance deepens the screen."
blade-runner.html,blade-runner,"Do Androids Dream of Electric Sheep? Book vs Movie","","2026-04-15",Film Wins,"Scott's vision deepens Dick's philosophy with visual poetry."
breakfast-at-tiffanys.html,breakfast-at-tiffanys,"Breakfast at Tiffany's Book vs Movie: Capote Lets Her Go. Hepbur…","The novella ends with Holly vanished and unknowable. The film ends with a kiss in the rain. Both choices are perfect for what they are.","2026-04-11",Too Close to Call,"Capote's ambiguous ending honors Holly's restlessness; Hepburn's icon transcends the source."
bridgerton.html,bridgerton,"The Duke and I Book vs Series: Bridgerton: Quinn's Intimacy Beat…","The show is gorgeous. But Quinn keeps you inside Daphne and Simon's negotiation in ways the series can't. The book's focus wins.","2026-04-11",Book Wins,"Quinn's tighter focus on Daphne and Simon's emotional negotiation outweighs the series's spectacle."
brooklyn.html,brooklyn,"Brooklyn Book vs Movie: What Eilis Doesn't Say Is What Tóibín Do…","Ronan's performance is luminous. But the novel's power lives in the silence between feeling and speech—something no actor can show.","2026-04-11",Book Wins,"Tóibín's prose restraint—the gap between what Eilis feels and says—cannot be replicated on screen."
catch-22.html,catch-22,"Catch-22 Book vs Series: Heller's Circles Are the Point. Nichols…","The novel loops back on itself until war's logic collapses. The film gives you the scenes without the trap. Read the book first.","2026-04-11",Book Wins,"The novel's circular structure is the formal argument itself."
catch-me-if-you-can.html,catch-me-if-you-can,"Catch Me If You Can Book vs Movie: Abagnale Teaches Crime. Spiel…","The memoir shows you how the cons worked. The film gives Frank a father worth chasing. Both are essential for different reasons.","2026-04-11",Too Close to Call,"Book teaches fraud mechanics; film owns the emotional father-son story Spielberg invented."
cold-mountain.html,cold-mountain,"Cold Mountain Book vs Movie: Frazier's Sentences Walk. Minghella…","The novel's rhythm is the journey—long, rolling sentences that enact Inman's walk home. The film can only photograph it. Read the book first.","2026-04-11",Book Wins,"Frazier's prose rhythm—long rolling sentences mimicking the walk itself—is inseparable from meaning."
contact.html,contact,"Contact Book vs Movie: Sagan's Pi Ending Can't Be Filmed. Foster…","The novel ends with a mathematical proof of God. The film ends with Jodie Foster's face. Both are transcendent. Read first, then watch.","2026-04-11",Too Close to Call,"Sagan's pi revelation exists only on the page; Foster owns the screen."
da-vinci-code.html,da-vinci-code,"The Da Vinci Code Book vs Movie: Brown's Cliffhangers Make It Un…","Howard made a handsome film. Brown made a thriller you physically cannot stop reading. The book is an experience the movie just describes.","2026-04-11",Book Wins,"Brown's chapter-ending cliffhangers create puzzle-solving momentum the film cannot replicate."
daisy-jones-and-the-six.html,daisy-jones-and-the-six,"Daisy Jones Book vs Series: Reid's Oral History Does What the Se…","The contradictions between band members create the truth in Reid's novel. The series just dramatizes it. Read the book first.","2026-04-11",Book Wins,"The oral history format—truth assembled from contradictory testimony—only works on the page."
dark-matter.html,dark-matter,"Dark Matter Book vs Series: Crouch's Velocity vs Edgerton's Two …","The novel is propulsive in ways TV can't be. Edgerton does things with Jason's split that prose can't. Both are essential.","2026-04-11",Too Close to Call,"Novel's velocity versus Edgerton's dual performance—each irreplaceable."
devil-wears-prada.html,devil-wears-prada,"The Devil Wears Prada Book vs Movie: The Book's Andy Deserves Yo…","Weisberger wrote a protagonist who sells out and knows it. The film made her sympathetic. That's the whole problem. Read the book first.","2026-04-11",Book Wins,"Weisberger's Andy is morally compromised; the films softened her into sympathy."
divergent.html,divergent,"Divergent Book vs Movie: Roth's Tris Questions Herself. Woodley …","The novel gives you a narrator who doubts her own choices. The film gives you a hero who looks conflicted. Read the book first.","2026-04-11",Book Wins,"Tris's first-person voice carries moral ambivalence the film's screenplay cannot match."
doctor-sleep.html,doctor-sleep,"Doctor Sleep Book vs Movie: King's Recovery Arc Is What Flanagan…","McGregor nails Danny. But King spends 500 pages inside an addict's mind in ways no film can match. The book earns what the film rushes.","2026-04-11",Book Wins,"King's recovery narrative and True Knot backstory exceed what film can hold."
dracula.html,dracula,"Dracula Book vs Movie: Stoker Never Shows the Monster. That's Wh…","Coppola's Dracula is gorgeous, operatic, everywhere. Stoker's is fragments, terror, absence. The novel is stranger and more frightening.","2026-04-11",Book Wins,"Stoker's epistolary format renders Dracula through terrified fragments; Coppola shows him constantly, romantically."
dune.html,dune,"Dune Book vs Movie: Herbert Makes Paul a Villain. Villeneuve Mak…","The book is an argument about power and prophecy. The film is a spectacle that gestures toward it. Read Herbert first or miss the point.","2026-04-11",Book Wins,"Herbert makes Paul's complicity explicit; the films leave it ambiguous."
eat-pray-love.html,eat-pray-love,"Eat Pray Love Book vs Movie: Gilbert's Wit Lives on the Page. Ro…","Murphy made a beautiful travelogue. Gilbert wrote a memoir of intellectual rigor and self-awareness Roberts can't touch. Read the book first.","2026-04-11",Book Wins,"Gilbert's voice—witty, self-aware, intellectually rigorous—exists only on the page."
enders-game-film.html,enders-game-film,"Ender's Game Book vs Movie: Hood Shows the War. Card Shows the C…","The Battle Room looks stunning. But Card's novel lives inside Ender's mind as it's weaponized—something no film can do. Read the book first.","2026-04-11",Book Wins,"The novel's sustained interiority cannot exist on screen."
enders-game.html,enders-game,"Ender's Game Book vs Movie: Card Shows You Ender's Mind. Hood Ju…","The novel is about strategy and moral weight. The film is about spectacle. Hood made a competent adaptation of an unfilmable book. Read first.","2026-04-11",Book Wins,"Card's prose reveals Ender's mind; the film only shows his victories."
english-patient.html,english-patient,"The English Patient Book vs Movie: Minghella Gets the Romance. O…","The film won nine Oscars for its love story. The novel has Kip's rage at Hiroshima—the political reckoning Minghella cut. Read both.","2026-04-11",Too Close to Call,"Minghella perfects the love story; Ondaatje owns Kip's political reckoning."
everything-everything.html,everything-everything,"Everything, Everything Book vs Movie: Yoon's Twist Devastates. T…","Yoon's multimedia format makes you live inside Maddy's mind before the medical reveal shatters it. The film just shows you the plot. Read first.","2026-04-11",Book Wins,"Yoon's multimedia format and psychological depth make the medical twist devastate on the page."
featured.html,featured,"Featured — Deep Dives | BooksVersusMovies","Our most in-depth book vs. movie comparisons. Long-form spotlights on the adaptations worth understanding fully — novels, films, sequels, and everything in between.","",,""
fight-club.html,fight-club,"Fight Club Book vs Movie: Palahniuk's Prose vs Fincher's Sublimi…","The novel's rhythm lives in sentence fragments. The film's lives in frames you don't see. Both are perfect for their medium. Either order works.","2026-04-11",Too Close to Call,"Palahniuk's staccato prose owns the page; Fincher's subliminal editing owns the screen."
five-feet-apart.html,five-feet-apart,"Five Feet Apart Book vs Movie: Stella's Rules Mean Nothing Witho…","Baldoni's film makes the distance romantic. Lippincott's book makes it survival. The internal spiral is what makes the rules matter.","2026-04-11",Book Wins,"Stella's spiraling internal monologue reveals why her rules matter more than romance."
fourth-wing.html,fourth-wing,"Fourth Wing Book vs Series: Violet's Wit Lives in Her Head—Not o…","Yarros built Violet through internal voice: tactical thinking, self-awareness, razor wit. That's the hardest thing to adapt. Read the book first.","2026-04-11",Book Wins,"Violet's internal voice—wit, tactical thinking, self-awareness—exists only on the page."
frankenstein.html,frankenstein,"Frankenstein Book vs Movie: Shelley's Creature Argues. Del Toro'…","Del Toro made the most faithful adaptation in cinema history. It still can't give you the creature's voice. Read the book first.","2026-04-11",Book Wins,"The creature's philosophical voice and moral arguments exist only on the page."
geralds-game.html,geralds-game,"Gerald's Game Book vs Movie: Flanagan's Triumph Still Can't Get …","King spends 332 pages inside Jessie's fracturing mind. Flanagan made a masterpiece—but dissociation only works on the page. Read the book first.","2026-04-11",Book Wins,"King's sustained psychological excavation of dissociated consciousness cannot be externalized."
ghost-world.html,ghost-world,"Ghost World Book vs Movie: Buscemi and Johansson Make Clowes Real","Zwigoff cast the film so perfectly that Enid and Seymour feel more alive on screen than on the page. A rare case where actors deepen a comic.","2026-04-13",Film Wins,"Zwigoff's casting and performances deepen what Clowes sketched."
girl-on-the-train.html,girl-on-the-train,"The Girl on the Train Book vs Movie: Blunt Can't Give You Rachel…","Hawkins traps you inside an unreliable narrator's spiral. Taylor can only show you a drunk woman on a train. Read the book first.","2026-04-11",Book Wins,"Rachel's fractured first-person narration only works on the page."
girl-with-the-dragon-tattoo.html,girl-with-the-dragon-tattoo,"The Girl with the Dragon Tattoo Book vs Movie: Dragon Tattoo: Fi…","Mara's performance is stunning. But Larsson gives you Lisbeth's interior world and Sweden's rot in ways Fincher can't. Read the book first.","2026-04-11",Book Wins,"Larsson's institutional critique and Lisbeth's interior world exist only on the page."
gone-girl.html,gone-girl,"Gone Girl Book vs Movie: Pike Owns the Screen. Flynn Owns Amy's …","Fincher's film gives you Rosamund Pike's face. Flynn's novel gives you Amazing Amy's architecture. Both manipulate you differently.","2026-04-11",Too Close to Call,"Pike's face owns the screen; Flynn's Amazing Amy owns the page."
good-omens.html,good-omens,"Good Omens Book vs Series: Pratchett's Footnotes vs Sheen and Te…","The novel's wit lives in the margins. The series lives in two performances you can't replicate on the page. Read first, then watch.","2026-04-11",Too Close to Call,"The novel's footnotes and dual authorship exist only on the page; Sheen and Tennant own the screen."
hamnet.html,hamnet,"Hamnet Book vs Movie: Buckley Can't Give You 300 Pages Inside Ag…","O'Farrell makes you live inside grief. Zhao can only show you its face. The novel's intimacy is what makes the loss unbearable. Read first.","2026-04-11",Book Wins,"Only prose can sustain 300 pages inside Agnes's consciousness."
hannibal-series.html,hannibal-series,"Hannibal Book vs Series: Harris Built the Monster. Fuller Made H…","The novels are essential thrillers. Fuller's series is formally extraordinary. Both irreplaceable — neither a substitute. Read Harris first.","2026-04-11",Book Wins,"Harris's thrillers are tightly plotted source material; Fuller's visual language is irreplaceable."
heated-rivalry.html,heated-rivalry,"Heated Rivalry Book vs Series: Reid Owns the Longing. Tierney Ow…","The novel gives you Ilya's silence. The show gives you the glances that break it. Both versions are essential for different reasons.","2026-04-11",Too Close to Call,"Reid's interior voice lives only on the page; Tierney's compression tightens what matters most."
high-fidelity.html,high-fidelity,"High Fidelity Book vs Movie: Hornby's Lists Hide Pain. Cusack's …","Hornby wrote a man who hides behind music. Cusack plays him as someone who can't. Both versions work. Start with either.","2026-04-11",Too Close to Call,"Hornby's interior prose irreplaceable; Cusack's monologues own the screen."
hillbilly-elegy.html,hillbilly-elegy,"Hillbilly Elegy Book vs Movie: Vance Explains Appalachia. Howard…","The book is sociology disguised as memoir. The film is melodrama disguised as empathy. Read the book first or you'll miss the entire point.","2026-04-11",Book Wins,"The memoir's sociological analysis of class and culture vanishes entirely from the film."
hitchhikers-guide.html,hitchhikers-guide,"The Hitchhiker's Guide to the Galaxy Book vs Movie: Hitchhiker's…","Adams wrote a novel where the narrator is funnier than the plot. Jennings cast it well and missed the point. Read the book first.","2026-04-11",Book Wins,"Adams's narrative voice—the asides, digressions, deadpan prose—is the joke itself."
howls-moving-castle.html,howls-moving-castle,"Howl's Moving Castle Book vs Movie: Jones Gives Sophie Magic. Mi…","Jones's Sophie breaks curses without knowing it. Miyazaki's breaks them by feeling everything. Both are essential. Read the book first.","2026-04-11",Too Close to Call,"Jones's Sophie unknowingly breaks curses through magic; Miyazaki's transforms through feeling."
hunger-games-sunrise.html,hunger-games-sunrise,"Hunger Games Book vs Movie: Collins's Propaganda vs Fiennes's Sn…","The book gives you the ideology behind the Games. The film will give you the man who built them. Both are essential—in different ways.","2026-04-11",Too Close to Call,"Collins's propaganda argument exists only on the page; Fiennes's Snow exists only on screen."
i-am-legend.html,i-am-legend,"I Am Legend: Book vs Film — Matheson's Ending Inverts Everything","Richard Matheson","2026-04-11",Book Wins,"The novella's ending redefines Neville as monster, not hero—the film inverts this entirely."
i-robot.html,i-robot,"I, Robot Book vs Movie: Asimov's Puzzles Become Will Smith's Pro…","The Three Laws are the foundation of science fiction ethics. Proyas uses them as window dressing for explosions. Read the book.","2026-04-11",Book Wins,"Asimov's Three Laws function as philosophical puzzles; the film uses them as plot furniture."
interview-with-the-vampire-amcplus.html,interview-with-the-vampire-amcplus,"Interview with the Vampire Book vs Series: Rice's Grief Lives in…","AMC's series is bold and brilliant. It still can't give you what Rice does with language alone. Read the book first.","2026-04-11",Book Wins,"Rice's baroque prose cannot be replicated on screen."
into-the-wild.html,into-the-wild,"Into the Wild Book vs Movie: Penn Made McCandless a Martyr. Krak…","The book gives you Everett Ruess, Gene Rosellini, the context that explains Chris. The film gives you a beautiful death. Read first.","2026-04-11",Book Wins,"Krakauer's parallel stories of other wilderness seekers provide context Penn's film omits."
it-ends-with-us.html,it-ends-with-us,"It Ends With Us Book vs Movie: Hoover Shows Why Lily Stays. Bald…","The novel makes you understand the rationalizations that keep Lily trapped. The film only shows the violence. Read the book first.","2026-04-11",Book Wins,"Lily's interior rationalizations of abuse exist only in Hoover's prose."
it-muschietti.html,it-muschietti,"It Book vs Movie: King's Cosmic Horror Lives Only in the Book's …","Muschietti made the best King adaptation in years. He still can't touch the novel's dual timeline or what It actually is. Read the book first.","2026-04-11",Book Wins,"King's dual timeline and cosmic mythology exist only on the page."
jane-eyre.html,jane-eyre,"Jane Eyre Book vs Movie: Brontë's 'Reader, I Married Him' Can't …","Fukunaga made the finest adaptation yet. It's still considerably less than the novel. Jane's voice is its own world.","2026-04-11",Book Wins,"Jane's direct address to the reader exists only on the page."
jaws.html,jaws,"Jaws Book vs Movie: Spielberg's Restraint Beats Benchley's Pulp","Jaws book vs movie: Spielberg made Benchley's B-movie premise mythic. Either order works — the film transcends the novel's pulp completely.","2026-04-15",Film Wins,"Spielberg's restraint transcends Benchley's overwritten pulp."
jurassic-park.html,jurassic-park,"Jurassic Park Book vs Movie: Crichton's Chaos Theory Dies in Spi…","Spielberg made cinema magic. Crichton wrote a warning about hubris that the film turned into a theme park ride. Read the book first.","2026-04-11",Book Wins,"Crichton's chaos theory argument survives only on the page; Spielberg's dinosaurs exist only on screen."
kite-runner.html,kite-runner,"The Kite Runner Book vs Movie: Forster Can't Trap You in Amir's …","Hosseini makes you live inside Amir's shame for 400 pages. Forster's film is sincere but can't replicate that suffocation. Read first.","2026-04-11",Book Wins,"Only the novel traps you inside Amir's guilty conscience for four hundred pages."
la-confidential.html,la-confidential,"LA Confidential Book vs Movie: Ellroy's Staccato Owns the Page. …","One of the great American crime novels. One of the great American crime films. Different achievements at different scales. Read both.","2026-04-11",Too Close to Call,"Ellroy's staccato prose owns the page; Hanson's visual compression owns the screen."
lady-chatterleys-lover.html,lady-chatterleys-lover,"Lady Chatterley's Lover Book vs Movie","","2026-04-15",Film Wins,"Film deepens Lawrence's sexual politics beyond the novel's reach."
les-miserables.html,les-miserables,"Les Misérables Book vs Movie: Hugo's Valjean Thinks. Hooper's Ju…","The musical is magnificent spectacle. It still can't give you the moral crisis that happens inside Valjean's head. Read the book first.","2026-04-11",Book Wins,"Hugo's philosophical digressions and Valjean's internal crises cannot be sung."
little-women.html,little-women,"Little Women Book vs Movie: Alcott's Moral Voice vs Gerwig's Str…","Alcott wrote the great American novel of female ambition. Gerwig made it formally inventive. Both are essential. Read and watch in either order.","2026-04-11",Too Close to Call,"Alcott's moral voice exists only on the page; Gerwig's non-linear structure exists only on screen."
lonesome-dove.html,lonesome-dove,"Lonesome Dove Book vs Movie: Duvall Is Perfect. He Still Can't S…","McMurtry gives you decades of silence between Call and Gus. The miniseries gives you their faces. Read the book first—then watch them ride.","2026-04-11",Book Wins,"McMurtry's interior monologues give Gus and Call depths Duvall and Jones cannot fully capture."
looking-for-alaska.html,looking-for-alaska,"Looking for Alaska Book vs Series: Green Traps You in Pudge's Gr…","The novel's first-person spiral makes Alaska's death unbearable in ways the series can't touch. You need to feel it from inside Pudge's head.","2026-04-11",Book Wins,"First-person narration traps you inside Pudge's grief; the series watches from outside."
lord-of-the-flies.html,lord-of-the-flies,"Lord of the Flies Book vs Movie: Golding Makes You Complicit. Br…","The novel's ironic voice implicates the reader in the horror. Brook's film is raw and sincere, but it can't argue what Golding argues.","2026-04-11",Book Wins,"Golding's ironic narrative voice implicates the reader; the film presents events without that frame."
love-simon.html,love-simon,"Simon vs. the Homo Sapiens Agenda Book vs Movie: Love, Simon: Th…","Albertalli's Simon is anxious, messy, self-sabotaging. Berlanti's is a rom-com lead. The neuroses are what make the coming-out story work.","2026-04-11",Book Wins,"Albertalli's first-person voice captures Simon's neuroses; the film smooths them away."
margos-got-money-troubles.html,margos-got-money-troubles,"Margo's Got Money Troubles Book vs Series: Thorpe's Voice Is Unt…","Walsh cast it perfectly. The series is warm, sharp, excellent. But Thorpe's first-person wit lives only on the page. Read the book first.","2026-04-11",Book Wins,"Thorpe's first-person prose voice—witty, precise, irreplaceable—is the novel's defining asset."
me-before-you.html,me-before-you,"Me Before You Book vs Movie: The Book Lets Will Explain. The Fil…","Moyes gives you Will's reasoning in his own voice. Clarke can only show his exterior. The novel earns what the film can't. Read first.","2026-04-11",Book Wins,"Will's alternating first-person chapters give you his reasoning; the film shows only his exterior."
mickey-17.html,mickey-17,"Mickey 17 Book vs Movie: Ashton's Dread Lingers. Bong's Resolves.","Joon-ho made a stunning film. It still can't hold the existential terror Ashton sustains in Mickey's head. Read the book first.","2026-04-11",Book Wins,"Ashton's internal monologue sustains existential dread the film resolves too easily."
misery.html,misery,"Misery Book vs Movie: King's Axe vs Bates's Face — Both Win","The novel has Paul's terror and the full horror of the hobbling. The film has Kathy Bates. One of the rare ties where both versions are essential.","2026-04-11",Too Close to Call,"King's interior monologue and serial killer backstory versus Bates's definitive Oscar-winning performance."
my-brilliant-friend.html,my-brilliant-friend,"My Brilliant Friend Book vs Movie: Without Elena's Jealousy, Lil…","Costanzo's series is beautiful. But Ferrante's unreliable narrator is the story—and HBO can't show what Elena won't admit she feels.","2026-04-11",Book Wins,"Elena's jealous, unreliable narration exists only on the page."
my-sisters-keeper.html,my-sisters-keeper,"My Sister's Keeper Book vs Movie: The Book's Seven Voices Make t…","Picoult gives every family member a chapter. Cassavetes gives Cameron Diaz a voiceover. The moral weight disappears. Read the book first.","2026-04-11",Book Wins,"Seven narrators create moral complexity the film's single voiceover cannot replicate."
narnia-magicians-nephew.html,narnia-magicians-nephew,"The Magician's Nephew Book vs Movie: Aslan's Song Can't Survive …","Lewis made you hear creation in silence. Gerwig will give you a soundtrack. The book's magic lives in what you imagine, not what you see.","2026-04-11",Book Wins,"Lewis's creation song only works when you imagine it yourself."
never-let-me-go.html,never-let-me-go,"Never Let Me Go Book vs Movie: Kathy's Voice Is Everything Roman…","Ishiguro's digressions are the point—they enact memory, denial, grief. The film is faithful and heartbreaking. It still isn't the book.","2026-04-11",Book Wins,"Kathy's digressive narration—the novel's irreplaceable formal achievement—cannot be replicated on screen."
no-country-for-old-men.html,no-country-for-old-men,"No Country for Old Men Book vs Movie: McCarthy Meets the Coens","No Country for Old Men book vs movie: The Coens' restraint matches McCarthy's brutality perfectly. Either order works — both are devastating.","2026-04-15",Too Close to Call,"Film and book are equally devastating, different mediums, same vision."
normal-people.html,normal-people,"Normal People Book vs Series: Rooney's Silence vs. Mescal's Face","The novel gives you what Connell can't say. The series gives you what he can't hide. Both are essential. Start with either.","2026-04-11",Too Close to Call,"Rooney's free indirect style exists only on the page; Mescal and Edgar-Jones own the screen."
norwegian-wood.html,norwegian-wood,"Norwegian Wood Book vs Movie: Murakami's Grief vs Hung's Visuals","Norwegian Wood book vs movie: Murakami's introspection meets Hung's lush cinematography. Either order works—the film honors mood over plot.","2026-04-15",Too Close to Call,"Book's depth versus film's visual poetry—different mediums, equal power."
of-mice-and-men.html,of-mice-and-men,"Of Mice and Men Book vs Movie: Steinbeck's Refrain vs Malkovich'…","The novella builds through repetition. The film builds through Malkovich's face. Both versions break your heart. Either order works.","2026-04-11",Too Close to Call,"Steinbeck's repeated phrases accumulate on the page; Malkovich's eyes own the screen."
olive-kitteridge.html,olive-kitteridge,"Olive Kitteridge Book vs Movie: Strout Hides Her. HBO Won't Stop…","The book lets Olive haunt the edges of other people's stories. The miniseries makes her the star of every scene. Read the novel first.","2026-04-11",Book Wins,"The novel's fragmented structure reveals Olive obliquely; the miniseries centers her constantly."
on-the-road.html,on-the-road,"On the Road Book vs Movie: The Novel Is the Trip. The Film Is Ju…","Salles made a beautiful film. It still can't do what Kerouac does in the sentences. The road is the prose. Read the book first.","2026-04-11",Book Wins,"Kerouac's spontaneous prose style is the experience; images cannot replace it."
one-day.html,one-day,"One Day Book vs Movie: Twenty Years in Two Hours Loses What Nich…","Nicholls's annual snapshots accumulate meaning the 2011 film can't replicate. The structure is the story. Read the book first.","2026-04-11",Book Wins,"The annual structure accumulates emotional weight that two-hour compression cannot replicate."
one-flew-over-the-cuckoos-nest.html,one-flew-over-the-cuckoos-nest,"One Flew Over the Cuckoo's Nest Book vs Movie: Cuckoo's Nest: Ke…","The novel is Bromden's hallucination. The film is Nicholson's rebellion. Both are masterpieces. Read the book first—the Chief deserves it.","2026-04-11",Too Close to Call,"Bromden's hallucinatory narration exists only on the page; Nicholson's performance owns the screen."
outlander.html,outlander,"Outlander Book vs Series: You Never Hear Claire Think on Screen","Balfe is perfect casting. But Gabaldon's first-person narration gives you Claire's mind in ways the series can't. Read the book first.","2026-04-11",Book Wins,"Claire's first-person voice and interior monologue exist only on the page."
pachinko.html,pachinko,"Pachinko Book vs Series: The Series Can't Break Your Heart Like …","Apple TV+ made a beautiful adaptation. It still can't replicate the four-generation scope that makes Noa's fate devastating. Read the book first.","2026-04-11",Book Wins,"The novel's four-generation scope and Noa's devastating arc are irreplaceable."
people-we-meet-on-vacation.html,people-we-meet-on-vacation,"People We Meet on Vacation Book vs Movie: Ten Years in Poppy's V…","Henry earns every moment of that final payoff through a decade of accumulation. Haley's film rushes what the book lets you feel. Read first.","2026-04-11",Book Wins,"Henry's first-person voice and ten-year accumulation earn the payoff completely."
perks-of-being-a-wallflower.html,perks-of-being-a-wallflower,"The Perks of Being a Wallflower Book vs Series: Perks: Chbosky's…","The novel gives you Charlie's voice on the page. The film gives you Ezra Miller and 'Landslide' at 60mph. Both are essential.","2026-04-11",Too Close to Call,"The novel owns Charlie's epistolary voice; the film owns Ezra Miller's Patrick and the tunnel in motion."
pet-sematary-2019.html,pet-sematary-2019,"Pet Sematary Book vs Movie: King's Louis Creed Breaks Where the …","The 2019 film is atmospheric and competent. It still can't show you a father's mind collapsing into monstrosity. Read King's book first.","2026-04-11",Book Wins,"Louis's interior descent into catastrophe only exists on the page."
presumed-innocent.html,presumed-innocent,"Presumed Innocent Book vs Series: Turow's Inner Voice Does What …","The series is confident and handsome. It still can't replicate Turow's first-person legal precision. Read the book that invented the genre first.","2026-04-11",Book Wins,"Turow's first-person narration and legal precision are irreplaceable on the page."
pride-and-prejudice.html,pride-and-prejudice,"Pride and Prejudice Book vs Movie: Austen's Irony Dies the Momen…","Wright made a beautiful film. Macfadyen's Darcy is perfect. But Elizabeth's interior voice—the thing that makes the novel great—can't survive on screen.","2026-04-11",Book Wins,"Austen's ironic voice and Elizabeth's interior observations exist only on the page."
project-hail-mary.html,project-hail-mary,"Project Hail Mary Book vs Movie: Weir Makes You Solve. Gosling M…","Grace's internal monologue is the book's engine—you work through the science with him. The film can only show you the answers. Read first.","2026-04-11",Book Wins,"Grace's internal monologue lets you solve problems alongside him, not just watch."
ready-player-one.html,ready-player-one,"Ready Player One Book vs Movie: Cline's Puzzles Reward You. Spie…","The novel makes you earn every gate with obscure trivia. The film gives you spectacle without the work. Read the book first—it's a different game.","2026-04-11",Book Wins,"Cline's puzzle box rewards encyclopedic 1980s knowledge; Spielberg replaces it with spectacle."
rebecca.html,rebecca,"Rebecca Book vs Movie: Hitchcock Changed the Murder. Du Maurier'…","The Production Code forced Hitchcock to rewrite Maxim's crime. Du Maurier's version is darker, truer, and the reason the book still unsettles.","2026-04-11",Book Wins,"The narrator's unnamed identity and Maxim's actual murder exist only on the page."
remains-of-the-day.html,remains-of-the-day,"The Remains of the Day Book vs Movie: What Stevens Won't Say Can…","Ivory made one of the great literary adaptations. It's still lesser than Ishiguro's novel. The meaning lives in what Stevens refuses to say.","2026-04-11",Book Wins,"Stevens's unreliable narration—his refusal to acknowledge what he means—cannot be filmed."
remarkably-bright-creatures.html,remarkably-bright-creatures,"Remarkably Bright Creatures Book vs Movie: Without Marcellus's V…","Van Pelt's octopus narrator is what makes the book transcendent. Newman's film will have Sally Field, but it can't have Marcellus's mind.","2026-04-11",Book Wins,"Marcellus's alien first-person narration exists only in prose."
reminders-of-him.html,reminders-of-him,"Reminders of Him Book vs Movie: Kenna's Letters Lose Everything …","Monroe is perfectly cast, but Hoover's dual perspective and the letters that anchor the novel's grief can't survive adaptation. Read first.","2026-04-11",Book Wins,"Hoover's dual perspective and Kenna's letters carry emotional weight the film cannot replicate."
room.html,room,"Room Book vs Movie: Jack's Voice Lives on the Page. Tremblay Liv…","Donoghue's narration is irreplaceable. Larson and Tremblay are unrepeatable. Both versions are essential for different reasons.","2026-04-11",Too Close to Call,"Jack's five-year-old narration exists only on the page; Larson and Tremblay own the screen."
roots-2016.html,roots-2016,"Roots Book vs Movie: Haley's Inner Voices Are What the Miniserie…","The 2016 adaptation is powerful, but Haley's internal monologues—the generational weight that builds across centuries—exist only on the page.","2026-04-11",Book Wins,"Haley's internal monologues and generational accumulation exist only on the page."
rosemarys-baby.html,rosemarys-baby,"Rosemary's Baby Book vs Movie: Levin Makes You Doubt. Farrow Mak…","The novel's first-person ambiguity can't be filmed. Polanski's suffocating visuals can't be written. Both are essential. Read first.","2026-04-11",Too Close to Call,"Levin's first-person ambiguity exists only on the page; Farrow and Gordon own the screen."
schindlers-list.html,schindlers-list,"Schindler's List Book vs Movie: The Red Coat Does What Keneally …","Spielberg made one of cinema's rare transcendent adaptations. Keneally's history is essential, but the film is the masterpiece. Watch first.","2026-04-11",,"Spielberg's black-and-white cinematography and the red coat achieve what prose cannot."
seabiscuit.html,seabiscuit,"Seabiscuit Book vs Movie: Pollard Was Blind. The Film Barely Men…","Hillenbrand builds her story on Pollard's blindness and Smith's frontier code. Ross's film turns both into background details. Read first.","2026-04-11",Book Wins,"Hillenbrand reveals Pollard's functional blindness and Smith's frontier philosophy; the film reduces both to footnotes."
sense-and-sensibility.html,sense-and-sensibility,"Sense and Sensibility Book vs Movie: Austen's Irony Does What Le…","Thompson's script is brilliant. Lee's direction is warm. Neither can replicate Austen's formal intelligence. Read the book first.","2026-04-11",Book Wins,"Austen's ironic distance and formal intelligence exceed the film's warmer, more emotionally direct approach."
shadow-and-bone.html,shadow-and-bone,"Shadow and Bone Book vs Series: Bardugo's Alina Gets Lost in Net…","The series adds Kaz and the Crows. It works—but you lose the one thing that made Bardugo's original worth reading. Start with the book.","2026-04-11",Book Wins,"The novel's focused intimacy with Alina's internal voice outweighs the series' ensemble gains."
sharp-objects.html,sharp-objects,"Sharp Objects Book vs Series: Flynn Gets Inside Camille's Head. …","Vallée's series is gorgeous and Adams is perfect. But Flynn's suffocating first-person narration does what no camera can. Read the book first.","2026-04-11",Book Wins,"Flynn's first-person narration captures the interior voice; Vallée can only show the surface."
shawshank-redemption.html,shawshank-redemption,"Shawshank Redemption Book vs Movie: Darabont Perfects King","Shawshank Redemption book vs movie: King's novella is great, but Darabont's film is a masterpiece. Either order works—the film loses nothing.","2026-04-15",Film Wins,"Film distills King's hope into pure cinema without losing soul."
shogun-2024.html,shogun-2024,"Shogun Book vs Series: Clavell's Immersion vs. the Series' Japan…","The 2024 series gives Mariko and Toranaga what Clavell never could. The novel still wins on sheer depth. Read the book first.","2026-04-11",Book Wins,"The novel's thousand pages of immersion outweigh the series' superior perspective on Japanese characters."
silence-of-the-lambs.html,silence-of-the-lambs,"The Silence of the Lambs Book vs Movie: Silence of the Lambs: Ha…","Harris gives you Clarice's fear from inside. Demme makes Lecter stare through you. Both are masterworks. Read and watch both.","2026-04-11",Too Close to Call,"Harris's interiority owns the page; Demme's direct-address camera owns the screen."
sophies-choice.html,sophies-choice,"Sophie's Choice Book vs Movie: Styron Reveals in Layers. Streep …","The novel withholds the choice until you've earned it. The film gives you Streep's face. Both devastate differently. Start with either.","2026-04-11",Too Close to Call,"Styron's nested revelations demand reading first; Streep's performance owns the screen."
sphere.html,sphere,"Sphere Book vs Movie: Crichton Traps You in Norman's Mind. Levin…","The novel makes you feel Norman's paranoia from inside. The film can only show it from outside. Read the book first—the fear is structural.","2026-04-11",Book Wins,"Norman's interior paranoia exists only in prose, not on screen."
spotlight-dune.html,spotlight-dune,"Dune Book vs. Movie: Which to Experience First","Compare Frank Herbert's Dune novel to Denis Villeneuve's films. Read our verdict on book vs. movie, the universe, and what each version gets right.","",,""
spotlight-fight-club.html,spotlight-fight-club,"Fight Club Book vs Movie: Which Twist Lands Harder?","Fight Club novel vs 1999 film: how Fincher's adaptation changes the narrator, the ending, and what makes each version distinct.","",,""
spotlight-gone-girl.html,spotlight-gone-girl,"Gone Girl: Book vs. Movie — Which Twist Lands Harder?","Gone Girl book vs. 2014 film: Fincher's adaptation captures the unreliable narrators but loses the novel's psychological claustrophobia. Read or watch first?","",,""
spotlight-lonesome-dove.html,spotlight-lonesome-dove,"Lonesome Dove: Book vs. 1989 Miniseries &amp; the Full Universe","Larry McMurtry's epic Western novel vs. the acclaimed 1989 miniseries. Read our breakdown of the books, adaptations, and how to experience this sprawling…","",,""
spotlight-the-shining.html,spotlight-the-shining,"The Shining: King's Novel vs Kubrick's Film","Stephen King's The Shining vs Stanley Kubrick's 1980 film. Compare the book and movie, learn what changed, and which to experience first.","",,""
stardust.html,stardust,"Stardust Book vs Movie: Gaiman's Prose vs De Niro's Captain Shak…","Vaughn's film is warmer and funnier than the novel. Gaiman's Victorian elegance can't transfer. Both versions earn their ending differently.","2026-04-11",Too Close to Call,"Gaiman's archaic prose exists only on the page; De Niro and Pfeiffer own the screen."
station-eleven.html,station-eleven,"Station Eleven Book vs Series: Mandel Built It Perfect. Somervil…","The novel is a formal masterpiece. The series breaks your heart in ways the book can't. Both are essential. Read or watch first—either works.","2026-04-11",Too Close to Call,"Mandel's formal precision survives only on the page; Somerville's emotional generosity only on screen."
talented-mr-ripley.html,talented-mr-ripley,"The Talented Mr. Ripley Book vs Movie: Highsmith's Sociopath vs …","Minghella made Tom comprehensible. Highsmith made him genuinely alien. The film is gorgeous. The novel is unsettling. Read the book first.","2026-04-11",Book Wins,"Highsmith's Tom is coldly alien; Minghella's is sympathetically wounded."
the-book-thief.html,the-book-thief,"The Book Thief Book vs Movie: Death Tells You Who Dies. The Film…","Zusak's narrator announces deaths pages before they happen—a formal choice that makes the novel devastating. Percival's film is beautiful but ordinary.","2026-04-11",Book Wins,"Death's narrative voice announces deaths before they happen—irreplaceable on the page."
the-client.html,the-client,"The Client Book vs Movie: Grisham's Mark Carries Guilt Schumache…","The film gives you a plucky kid and a tough lawyer. The book gives you a traumatized child who can't sleep. Read Grisham first.","2026-04-11",Book Wins,"Reggie's trauma and Mark's guilt exist only on the page."
the-color-purple.html,the-color-purple,"The Color Purple Book vs Movie: Celie's Letters to God Can't Be …","Walker's vernacular epistolary voice is the novel's soul. Spielberg gives you Goldberg's face. Both matter. The book matters more.","2026-04-11",Book Wins,"Celie's epistolary voice—her vernacular letters to God—cannot be filmed."
the-count-of-monte-cristo.html,the-count-of-monte-cristo,"The Count of Monte Cristo Book vs Movie: The Film Turns Dumas In…","Dumas spent 1,200 pages weaving revenge schemes that echo across Paris. The film gives you three targets and a sword fight. Read first.","2026-04-11",Book Wins,"Dumas' interconnected revenge schemes reward patient readers; the film collapses them into simplified spectacle."
the-electric-state.html,the-electric-state,"The Electric State Book vs Movie: Stålenhag's Paintings Demand S…","The Russos made a spectacle. Stålenhag made something you need to sit with. The book's melancholy only works at your own pace.","2026-04-11",Book Wins,"Stålenhag's paintings create melancholic beauty that cinema cannot pause to absorb."
the-fault-in-our-stars.html,the-fault-in-our-stars,"The Fault in Our Stars Book vs Movie: Shailene Woodley Can't Giv…","Green's Hazel is sardonic, precise, and darkly funny. The film smooths her into something softer. Read the book first—the voice is the experience.","2026-04-11",Book Wins,"Hazel's first-person voice is sardonic and precise; no performance can replicate it."
the-firm.html,the-firm,"The Firm Book vs Movie: Grisham's Ending Is Brilliant. Pollack T…","The novel ends with billing fraud brilliance. The film ends with a chase. Pollack made Cruise watchable but lost what made Grisham clever.","2026-04-11",Book Wins,"The novel's billing fraud ending is smarter than the film's chase climax."
the-girl-with-the-dragon-tattoo-fincher.html,the-girl-with-the-dragon-tattoo-fincher,"The Girl with the Dragon Tattoo Book vs Movie: Dragon Tattoo: La…","The book gives you institutional rot and Lisbeth's full world. Fincher gives you one of cinema's great character reveals. Both essential.","2026-04-11",Too Close to Call,"Larsson's institutional depth versus Fincher's formal mastery and Mara's iconic performance."
the-giver.html,the-giver,"The Giver Book vs Movie: Lowry's Restraint Creates Dread the Fil…","The novel withholds what the film expands into action. That restraint is the entire point. The 2014 adaptation misses what made it devastating.","2026-04-11",Book Wins,"The novel's restraint and twelve-year-old protagonist create dread the film's expansion cannot replicate."
the-glass-castle.html,the-glass-castle,"The Glass Castle Book vs Movie: The Book Refuses to Make Rex Cha…","Cretton's film turns Rex Walls into a lovable drunk. Walls' memoir never lets you forget he's dangerous. Read the book first.","2026-04-11",Book Wins,"Walls refuses to soften Rex's violence; the film sanitizes it into charm."
the-godfather.html,the-godfather,"The Godfather Book vs Movie: Coppola Made Art From Puzo's Pulp","Puzo wrote a bestseller. Coppola made a masterpiece. The novel is crime fiction. The film is American tragedy.","2026-04-13",Film Wins,"Coppola's vision transcends Puzo's pulp source material entirely."
the-great-gatsby.html,the-great-gatsby,"The Great Gatsby Book vs Movie: Read It. No Film Can Touch the P…","DiCaprio's face is beautiful. The prose is the thing. One hundred and eighty pages that no amount of visual spectacle can replace. Read it first.","2026-04-11",Book Wins,"Fitzgerald's prose is the experience; no film can replicate it."
the-handmaids-tale.html,the-handmaids-tale,"The Handmaid's Tale Book vs Series: Offred's Voice Only Exists i…","Schlöndorff tried. Hulu tried harder. Neither can do what Atwood does with first-person uncertainty and the Historical Notes. Read the book first.","2026-04-11",Book Wins,"Atwood's narration and Historical Notes metafiction cannot be replicated on screen."
the-haunting-of-hill-house.html,the-haunting-of-hill-house,"The Haunting of Hill House: Jackson vs Flanagan — Book vs Series","Shirley Jackson","2026-04-11",Too Close to Call,"Jackson's prose performs psychological dissolution; Flanagan's series makes ghosts visible and real."
the-help.html,the-help,"The Help Book vs Movie: Stockett Gives Three Voices. Taylor Give…","Aibileen, Minny, and Skeeter share the novel equally. The film belongs to Viola Davis. Read the book first for the full chorus.","2026-04-11",Book Wins,"The novel's three equal first-person voices cannot be compressed into film."
the-hours.html,the-hours,"The Hours Book vs Movie: Cunningham Echoes Woolf. Glass Answers …","Cunningham's prose rhythms do what only reading can. Glass's score does what only music can. Both are essential. Start with either.","2026-04-11",Too Close to Call,"Cunningham's prose echoes Woolf; Glass's score does in music what prose cannot."
the-housemaid.html,the-housemaid,"The Housemaid Book vs Movie: McFadden's Twist Earns Its Landing.…","Feig made a fun, campy thriller. McFadden engineered 300 pages of misdirection that makes the payoff devastating. Read the book first.","2026-04-11",Book Wins,"McFadden's 300-page misdirection lands harder than Feig's abbreviated twist."
the-lincoln-lawyer.html,the-lincoln-lawyer,"The Lincoln Lawyer Book vs Movie: Connelly Traps You. Furman Jus…","McConaughey's charm can't replicate what Connelly does in Haller's head. The film races past the moral trap the book makes inescapable.","2026-04-11",Book Wins,"Connelly's procedural detail and interior monologue make Haller's ethical bind genuinely inescapable."
the-longest-ride.html,the-longest-ride,"The Longest Ride Book vs Movie: Ira's Voice Is Sparks's Best. Th…","Sparks spent 400 pages building Ira's first-person voice into something rare for him. Tillman's film can't replicate that accumulation. Read first.","2026-04-11",Book Wins,"Ira's first-person voice accumulates across four hundred pages into Sparks's best character."
the-lovely-bones.html,the-lovely-bones,"The Lovely Bones Book vs Movie: Sebold's Grief Accumulates. Jack…","Jackson made something beautiful. It still can't do what Sebold does with Susie's voice. The spectacle kills the restraint. Read first.","2026-04-11",Book Wins,"Susie's restrained narrative voice accumulates grief; the film's spectacle disperses it."
the-martian.html,the-martian,"The Martian Book vs Movie: Weir's Logs Own Your Mind. Scott Owns…","Damon nails Watney's humor, but the book's problem-solving lives inside your head in ways no film can match. Both are essential.","2026-04-11",Too Close to Call,"Weir's log entries own the mind; Scott's rescue sequence owns the screen."
the-maze-runner-film.html,the-maze-runner-film,"The Maze Runner Book vs Movie: Dashner Builds a World. Ball Just…","The film is tense and lean, but the book's slow accumulation of the Glade's rules has a weight Ball can only suggest. Read first.","2026-04-11",Book Wins,"The novel's slow revelation of the Glade's society has texture the film compresses."
the-notebook.html,the-notebook,"The Notebook Book vs Movie: Sparks's Noah Thinks. Gosling's Just…","The film has the chemistry. The book has the weight. Sparks wrote a man haunted by loss. Cassavetes cast a man who builds things. Read first.","2026-04-11",Book Wins,"Sparks's Noah is a thinker haunted by loss; Gosling's is a doer."
the-odyssey.html,the-odyssey,"The Odyssey Book vs Movie: Homer's Similes vs Nolan's Fractured …","Nolan's chronology mirrors Homer's structure in ways no linear film could. But the epic similes? Those live only on the page. Read first.","2026-04-11",Too Close to Call,"Homer's epic similes exist only on the page; Nolan's fractured chronology mirrors the poem's structure perfectly."
the-outsider.html,the-outsider,"The Outsider Book vs Series: King's Genre Pivot Shocks. HBO Tele…","The novel builds a procedural so convincing that the horror pivot feels earned and terrifying. The series signals it from episode one. Read first.","2026-04-11",Book Wins,"The genre pivot shocks hardest when built across the novel's procedural logic."
the-outsiders.html,the-outsiders,"The Outsiders Book vs Movie: Hinton Owns Ponyboy. Coppola Owns t…","The novel gives you a fifteen-year-old's voice. The film gives you Dillon, Lowe, Cruise, Swayze. Both matter. Either order works.","2026-04-11",Too Close to Call,"Novel owns Ponyboy's voice; film owns the ensemble cast that launched careers."
the-pelican-brief.html,the-pelican-brief,"The Pelican Brief Book vs Movie: Grisham's Gray Darby Gets Pakul…","Pakula cast Julia Roberts and erased the moral compromises that made Darby Shaw dangerous. The book's conspiracy has teeth. Read first.","2026-04-11",Book Wins,"Grisham's legal procedural detail and Gray's moral compromises vanish in Pakula's streamlined adaptation."
the-pianist.html,the-pianist,"The Pianist Book vs Movie: Szpilman Testifies. Brody Becomes the…","The memoir gives you survival in Szpilman's own words. Polanski gives you Brody's body wasting away in real time. Both are essential.","2026-04-11",Too Close to Call,"Szpilman's voice versus Brody's skeletal frame—testimony versus witness."
the-picture-of-dorian-gray.html,the-picture-of-dorian-gray,"The Picture of Dorian Gray Book vs Movie: Dorian Gray: Lord Henr…","Parker's film looks lush but can't capture Wilde's epigrammatic brilliance. Without the prose, Lord Henry becomes a villain instead of a philosopher.","2026-04-11",Book Wins,"Wilde's epigrammatic prose and Lord Henry's philosophy are irreplaceable on the page."
the-pillars-of-the-earth.html,the-pillars-of-the-earth,"The Pillars of the Earth Book vs Series: Pillars of the Earth: F…","The novel makes you understand stone and mortar. The series makes you watch them stack. One gives you medieval craft, the other spectacle.","2026-04-11",Book Wins,"The novel teaches you how cathedrals are built; the series only shows you them rising."
the-princess-bride.html,the-princess-bride,"The Princess Bride Book vs Movie: Goldman's Frame vs Patinkin's …","Goldman wrote both. The book has a meta-fictional frame the film can't touch. The film has Patinkin's Inigo the book can't match. Both win.","2026-04-11",Too Close to Call,"Goldman's meta-fictional frame exists only on the page; Patinkin's Inigo exists only on screen."
the-road.html,the-road,"The Road Book vs Movie: McCarthy's Prose Enacts What Hillcoat Ca…","Hillcoat made a faithful adaptation. It's still considerably lesser. The prose isn't decoration—it's the whole point. Read first.","2026-04-11",Book Wins,"McCarthy's stripped prose enacts the degradation; the film can only show the story."
the-secret-garden.html,the-secret-garden,"The Secret Garden Book vs Movie: Burnett's Slow Healing vs Munde…","Munden made a beautiful film. But recovery doesn't work at film speed. Burnett's repetitive pacing is the point. Read the book first.","2026-04-11",Book Wins,"Burnett's pacing—slow, repetitive, unglamorous—is the argument about how healing actually works."
the-secret-life-of-bees.html,the-secret-life-of-bees,"The Secret Life of Bees Book vs Movie: Lily's Guilt Is Real in K…","The film gives you Queen Latifah and Dakota Fanning. It doesn't give you the weight of what Lily carries. Read the book first.","2026-04-11",Book Wins,"Kidd's prose holds Lily's guilt and complicity; the film sands down its edges."
the-shining.html,the-shining,"The Shining Book vs Movie: Kubrick's Jack Is Already Evil. King'…","King wrote a tragedy about a good man destroyed. Kubrick made a horror film about a man who was always a monster. Read the book first.","2026-04-11",Book Wins,"King's Jack is corrupted by evil; Kubrick's Jack already is evil."
the-sisterhood-of-the-traveling-pants.html,the-sisterhood-of-the-traveling-pants,"The Sisterhood of the Traveling Pants Book vs Movie: Sisterhood …","Brashares gives you four interior lives. Kwapis gives you four plots. The difference is everything in a story about becoming yourself.","2026-04-11",Book Wins,"Brashares' rotating first-person chapters inhabit each girl's interior life; the film captures plot but misses psychological depth."
the-three-body-problem.html,the-three-body-problem,"The Three-Body Problem Book vs Series: Netflix Turned Trauma Int…","Liu's novel is shaped by the Cultural Revolution. The series treats it as exposition. Read the book first or you'll miss the philosophy.","2026-04-11",Book Wins,"The Cultural Revolution trauma drives the novel's philosophy; the series reduces it to flashbacks."
the-thursday-murder-club.html,the-thursday-murder-club,"The Thursday Murder Club Book vs Movie: Thursday Murder Club: Jo…","Osman's novel lives in Joyce's voice and Elizabeth's secrets. The 2026 film flattens both into plot devices. Read the book first.","2026-04-11",Book Wins,"Joyce's diary entries and Elizabeth's ambiguous past survive only on the page."
the-time-travelers-wife.html,the-time-travelers-wife,"The Time Traveler's Wife Book vs Movie: The Date Headings Are th…","Schwentke linearised the romance and lost what makes Niffenegger's novel devastating. Every scene means differently because of what surrounds it.","2026-04-11",Book Wins,"The novel's non-linear structure—date headings that recontextualise every scene—cannot be replicated on film."
the-witcher.html,the-witcher,"The Last Wish Book vs Series: The Witcher: Sapkowski's Moral Cla…","Cavill nails Geralt, but the show's fractured structure buries what makes the short stories work. Read The Last Wish first.","2026-04-11",Book Wins,"Short stories' self-contained moral clarity survives only on the page."
the-woman-in-the-window.html,the-woman-in-the-window,"The Woman in the Window Book vs Movie: Finn Makes You Complicit.…","The novel's unreliable narrator traps you inside Anna's delusion. The film watches from outside. Read the book first—it's the only way in.","2026-04-11",Book Wins,"First-person unreliable narration makes you complicit; the film externalizes what should stay hidden."
thirteen-reasons-why.html,thirteen-reasons-why,"Thirteen Reasons Why Book vs Series: Netflix Exploits What Asher…","Asher's restraint lets Hannah own her story. Netflix's graphic scenes and invented seasons turn her suicide into spectacle. Read the book first.","2026-04-11",Book Wins,"Asher's single-night structure and off-page restraint preserve Hannah's voice; Netflix's graphic depictions and invented seasons exploit it."
to-kill-a-mockingbird.html,to-kill-a-mockingbird,"To Kill a Mockingbird Book vs Movie: Scout's Voice vs Peck's Att…","Lee's double narration gives you Scout at eight and thirty-three. Peck gives you the most iconic Atticus ever filmed. Both are essential.","2026-04-11",Too Close to Call,"Scout's double narration exists only on the page; Peck's Atticus owns the screen."
upcoming-adaptations.html,upcoming-adaptations,"Upcoming Book vs Movie Adaptations 2026 — BooksVersusMovies.com","Every upcoming book vs movie adaptation in 2026 — confirmed release dates, cast, and our honest read-first verdict where we've already covered it.","",,""
verity.html,verity,"Verity Book vs Movie: The Manuscript's Horror Only Works Unfilmed","Hoover's graphic passages create dread no studio will touch. Hathaway's restrained performance can't replicate what you imagine on the page.","2026-04-11",Book Wins,"The manuscript's graphic passages create visceral dread the film's restraint cannot replicate."
water-for-elephants.html,water-for-elephants,"Water for Elephants Book vs Movie: The Film Softens What Gruen M…","Lawrence turned Gruen's violent circus novel into a Pattinson romance. The dual timeline and unflinching cruelty that made the book work vanish.","2026-04-11",Book Wins,"Gruen's dual timeline and unflinching violence create depth the film's romance cannot."
where-the-crawdads-sing.html,where-the-crawdads-sing,"Where the Crawdads Sing Book vs Movie: Crawdads: Owens' Fireflie…","Edgar-Jones is excellent. The marsh is beautiful. But this is a novel about growing up inside a landscape, and that feeling only exists on the page.","2026-04-11",Book Wins,"Owens' nature writing—firefly behavior, tidal patterns—is the novel's irreplaceable voice."
white-noise.html,white-noise,"White Noise Book vs Movie: DeLillo's Language Is the Plot. Baumb…","Baumbach nails the supermarket and the airborne toxic event. He can't film the prose style that makes them mean something. Read the book.","2026-04-11",Book Wins,"DeLillo's prose—brand names, fragmented rhythm, linguistic breakdown—cannot be filmed."
wolf-hall.html,wolf-hall,"Wolf Hall Book vs Series: Mantel Gives You Cromwell's Mind. Ryla…","Rylance's performance is definitive. But Mantel's present-tense prose puts you inside Cromwell's calculations in ways no actor can. Read first.","2026-04-11",Book Wins,"Mantel's present-tense narration seals you inside Cromwell's mind in ways prose alone can achieve."
world-war-z.html,world-war-z,"World War Z Book vs Movie: Brooks's Oral History Can't Be Filmed…","Forster made a decent action thriller. Brooks wrote something formally original that only works on the page. They share a title, nothing else.","2026-04-11",Book Wins,"Brooks's oral history format cannot survive translation to film."
wuthering-heights.html,wuthering-heights,"Wuthering Heights Book vs Movie: Brontë's Nesting Makes Heathcli…","The novel withholds Heathcliff through Nelly and Lockwood. Film must show him directly. That structural choice is everything. Read first.","2026-04-11",Book Wins,"The nested narrative structure—withholding and displacing—only works on the page."