slug,filename,generation,pageTitle,metaDesc,lastUpdated,bookTitle,author,bookYear,filmYear,director,genre,mediaLabel,verdictText,verdictClass,affiliateLinkCount,buyBtnHref,buyVideoHref,bookCoverSrc,youtubeId,trailerUrl,starringLine,diffCount,hasCharTable,hasSpoilerWarning,hasFaqSection,hasQuickAnswer,faqCount,faqQuestions,reviewBody,ratingValue,relatedCards,relatedTitles,isProblematic,issueCount,issues
band-of-brothers,band-of-brothers.html,v2,Band of Brothers: Book vs Series — Key Differences & Should You Read First?,Stephen Ambrose,2026-04-11,Band of Brothers,Stephen E. Ambrose,1992,2001,,Military History / War Drama,The Series,Too Close to Call,verdict-tie,2,https://amzn.to/4cr9H5V,,.././images/band-of-brothers.jpg,aH06LWZs-Ys,https://www.youtube.com/watch?v=aH06LWZs-Ys,"Starring Damian Lewis, Ron Livingston, Donnie Wahlberg — HBO: 2001",5,true,true,true,false,5,Is Band of Brothers based on a true story? | How accurate is the HBO series compared to the book? | Who are the real veterans in the opening interviews? | Which episode of Band of Brothers is considered the best? | Should I read the book or watch the series first?,Ambrose wrote a work of military history built from veteran testimony. Spielberg and Hanks made a ten-hour miniseries that is arguably the finest television depiction of combat ever produced. Read the book for the history. See the series for everything else. Both are essential.,4,/saving-private-ryan.html | /catch-22.html | /atonement.html,Saving Private Ryan | Catch-22 | Atonement,false,1,missing: meta strip director
bridgerton,bridgerton.html,v2,Bridgerton: Book vs Series — Key Differences & Should You Read First?,Julia Quinn,2026-04-11,The Duke and I,Julia Quinn,2000,2020,,Historical Romance,The Series,Book Wins,verdict-book,2,https://amzn.to/4sjh58q,,.././images/bridgerton.jpg,gpv7ayf_tyE,https://www.youtube.com/watch?v=gpv7ayf_tyE,"Starring Phoebe Dynevor, Regé-Jean Page — Netflix: 2020",5,true,true,true,false,5,Is the Bridgerton series faithful to the books? | Who is Lady Whistledown in the book vs the series? | Does the series change the controversial scene from the book? | How many Bridgerton books are there? | Should I read the Bridgerton books in order?,"Julia Quinn's 2000 Regency romance vs Shonda Rhimes's 2020 Netflix series — Simon, Daphne, Lady Whistledown, and the alternate-history world the show creates.",4,/pride-and-prejudice.html | /outlander.html | /normal-people.html,Pride and Prejudice | Outlander | Normal People,false,1,missing: meta strip director
fourth-wing,fourth-wing.html,v2,Fourth Wing: Book vs Upcoming TV Series — Rebecca Yarros vs Prime Video,Rebecca Yarros,2026-04-11,Fourth Wing,Rebecca Yarros,2023,,TBA — Prime Video series in development,Fantasy Romance / Romantasy,The TV Series,Book Wins,verdict-book,2,https://amzn.to/3PGAKS7,,.././images/fourth-wing.jpg,vcybDwT6Ia4,https://www.youtube.com/watch?v=vcybDwT6Ia4,Starring — Prime Video series in development — no release date confirmed,5,true,true,true,false,5,Is Fourth Wing appropriate for young adults? | Do I need to read the whole series before the TV show? | How accurate will the Prime Video series be? | What makes Fourth Wing different from other fantasy romance? | Will the dragons look good on TV?,Yarros wrote the defining romantasy of its moment — a novel that earned its massive readership through genuine craft as well as timing. The Prime Video series is in development and has not yet had the chance to succeed or fail. The novel is the definitive version until further notice. Read it. We'll update this page when the series arrives.,5,/a-knight-of-the-seven-kingdoms.html | /dune.html | /narnia-magicians-nephew.html,A Knight of the Seven Kingdoms | Dune | Narnia: The Magician's Nephew,false,1,missing: meta strip film/series year
looking-for-alaska,looking-for-alaska.html,v2,Looking for Alaska: Book vs Hulu Series — Key Differences & Should You Read First?,John Green,2026-04-11,Looking for Alaska,John Green,2005,2019,,YA / Coming of Age,The Series,Book Wins,verdict-book,2,https://amzn.to/3PNvhJf,,.././images/looking-for-alaska.jpg,LP7uPc6QwWs,https://www.youtube.com/watch?v=LP7uPc6QwWs,"Starring Kristine Froseth, Charlie Plummer — Hulu Series: 2019",5,true,true,true,false,5,Is Looking for Alaska a movie or a series? | Does the Hulu series change the ending of Looking for Alaska? | How accurate is Kristine Froseth's portrayal of Alaska Young? | What's the biggest difference between the book and series? | Is the Hulu series appropriate for the same age group as the book?,"The book is the clear winner, with a richer, more introspective exploration of grief and self-discovery.",5,/the-fault-in-our-stars.html | /the-giver.html | /divergent.html,The Fault in Our Stars | The Giver | Divergent,false,1,missing: meta strip director
pachinko,pachinko.html,v2,Pachinko: Book vs Apple TV+ Series — Key Differences Explained,Min Jin Lee,2026-04-11,Pachinko,Min Jin Lee,2017,2022,,Historical Fiction / Family Saga,The TV Series,Book Wins,verdict-book,2,https://amzn.to/3QiwCaV,,.././images/Pachinko.jpg,5ZPLzTyNptw,https://www.youtube.com/watch?v=5ZPLzTyNptw,"Starring Youn Yuh-jung, Lee Min-ho, Jin Ha — Apple TV+ series: 2022",5,true,true,true,false,5,Is the Pachinko series faithful to the book? | How many seasons of Pachinko will there be? | Who plays Sunja in Pachinko? | What does pachinko mean in the story? | Should I read Pachinko before watching the series?,"The Apple TV+ series is one of the finest literary adaptations in recent streaming history — and it's still a fraction of what Min Jin Lee built. Read the novel first, then watch the series as a companion piece.",5,/kite-runner.html | /never-let-me-go.html | /atonement.html,The Kite Runner | Never Let Me Go | Atonement,false,1,missing: meta strip director
spotlight,spotlight.html,v1,BooksVersusMovies.com — Honest Book & Movie Comparisons,"Beautiful, honest comparisons of books and their film adaptations. What the book does better, what the movie does better, and whether you should read first.",2026-04-11,The Devil Wears Prada,Lauren Weisberger,2003,2006,David Frankel,Comedy / Drama,The Film,Book Wins,verdict-book,0,https://www.amazon.com/dp/0385342278?tag=booksvsmovie-20,,.././images/devil-wears-prada.jpg,_yqIq_xLdBY,https://www.youtube.com/watch?v=_yqIq_xLdBY,"Starring Meryl Streep, Anne Hathaway, Emily Blunt — Film: 2006",5,false,false,false,false,0,,"While the film captures the iconic fashion and catty dialogue, the book delves deeper into Andrea's character growth and the moral implications of her choices.",4,/little-women.html | /about-a-boy.html | /high-fidelity.html,Little Women | About a Boy | High Fidelity,true,2,missing: FAQPage JSON-LD | missing: all affiliate links
the-odyssey,the-odyssey.html,v2,The Odyssey Book vs Nolan's 2026 Film: Should You Read First?,Homer,2026-04-11,The Odyssey,Homer,800 BC,2026,Christopher Nolan,Epic / Classic Literature,The Film,Too Close to Call,verdict-tie,2,https://amzn.to/4bYyr43,,.././images/the-odyssey.jpg,Mzw2ttJD2qQ,https://www.youtube.com/watch?v=Mzw2ttJD2qQ,"Starring Matt Damon, Anne Hathaway, Tom Holland — 2026",5,true,true,true,false,5,Is Christopher Nolan's The Odyssey faithful to Homer's poem? | Which translation of The Odyssey should I read before the film? | How long is The Odyssey to read? | Does Nolan's film include all the famous episodes? | Is The Odyssey appropriate for younger readers?,Homer's epic is the foundation of Western storytelling. Christopher Nolan's 2026 adaptation is one of the most anticipated films of the decade — too close to call until release.,4,/project-hail-mary.html | /dune.html | /hamnet.html,Project Hail Mary | Dune | Hamnet,true,1,missing: meta strip book year
the-three-body-problem,the-three-body-problem.html,v2,The Three-Body Problem: Book vs Netflix Series — Key Differences & Should You Read First?,Liu Cixin,2026-04-11,The Three-Body Problem,Liu Cixin,2008,2024,,Science Fiction / Hard SF,The Series,Book Wins,verdict-book,2,https://amzn.to/4tH04pP,,.././images/the-three-body-problem.jpg,SdvzhCL7vIA,https://www.youtube.com/watch?v=SdvzhCL7vIA,"Starring Benedict Wong, Eiza González, Jovan Adepo — Netflix 2024",5,true,true,true,false,5,Is the Netflix series faithful to Liu Cixin's novel? | Why did the adaptation move the story from China to England? | Does the series cover all three books in the trilogy? | How does the series handle the Three-Body game? | Who should watch the series instead of reading the book?,"Liu Cixin's visionary sci-fi novel remains a cut above its 2024 Netflix adaptation, despite the talents of David Benioff & D.B. Weiss.",4,/the-martian.html | /dune.html | /ready-player-one.html,The Martian | Dune | Ready Player One,false,1,missing: meta strip director
the-thursday-murder-club,the-thursday-murder-club.html,v2,The Thursday Murder Club: Book vs Movie — Key Differences & Should You Read First?,Richard Osman,2026-04-11,The Thursday Murder Club,Richard Osman,2020,2026,,Mystery / Comedy,The Movie,Book Wins,verdict-book,2,https://amzn.to/3PYYssR,,.././images/the-thursday-murder-club.jpg,50DYgzRBhFA,https://www.youtube.com/watch?v=50DYgzRBhFA,"Starring Viola Davis, Emma Stone — Film: 2026",5,true,true,true,false,5,"Is The Thursday Murder Club movie faithful to the book? | Who plays Elizabeth, Joyce, Ibrahim, and Ron in the movie? | Does the movie spoil the book's ending? | Are there sequels to The Thursday Murder Club? | Is The Thursday Murder Club appropriate for all ages?","Richard Osman's delightful mystery novel The Thursday Murder Club outshines its 2026 film adaptation, delivering a sharper plot, richer characters, and more wit than the screen version.",5,/the-dresden-files.html | /the-handmaid-s-tale.html | /ready-player-one.html,The Dresden Files | The Handmaid's Tale | Ready Player One,false,1,missing: meta strip director
twilight,twilight.html,v1,Twilight: Book vs Movie — Key Differences & Should You Read First?,Stephenie Meyer,2026-04-11,Twilight,Stephenie Meyer,2005,2008,Catherine Hardwicke,Fantasy Romance / YA,The Movie,Book Wins,verdict-book,2,https://amzn.to/41OxBSM,,.././images/twilight.jpg,uxjNDE2fMjI,https://www.youtube.com/watch?v=uxjNDE2fMjI,"Starring Kristen Stewart, Robert Pattinson — Film: 2008",5,false,false,false,false,0,,Meyer wrote a novel whose power is entirely in Bella's obsessive first-person voice — the film has Kristen Stewart and Robert Pattinson and loses the interiority that made the book a phenomenon. Read the novel to understand why it sold 160 million copies. See the film for the cast.,5,/the-time-travelers-wife.html | /fourth-wing.html | /me-before-you.html,The Time Traveler's Wife | Fourth Wing | Me Before You,false,1,missing: FAQPage JSON-LD
ugly-love,ugly-love.html,v2,Ugly Love Book vs Movie: Key Differences & Should You Read First?,Colleen Hoover,2026-04-11,Ugly Love,Colleen Hoover,2016,2023,Michael Mohan,Romance / Drama,The Movie,Book Wins,verdict-book,2,https://amzn.to/4vcwXfg,,.././images/ugly-love.jpg,WPzM-vlPplc,https://www.youtube.com/watch?v=WPzM-vlPplc,"Starring Tate McRae, Jake Lacy — Netflix: 2023",5,true,true,true,false,5,Is the Ugly Love movie as emotional as the book? | Does the movie include Miles's backstory chapters? | How is Jake Lacy as Miles compared to the book? | Is Tate McRae good in her first acting role? | Should I read Ugly Love before watching the Netflix movie?,Hoover's novel earns its emotional devastation through dual timelines and Miles's withheld interiority. Mohan's film is well-cast and sincere — and considerably shallower than the source. Read the book. See the film for Lukas Gage.,5,,,false,1,missing related cards: found 0
unbroken,unbroken.html,v1,Unbroken: Book vs Movie — Key Differences & Should You Read First?,"Unbroken is the 2010 biography by Laura Hillenbrand, adapted into a 2014 film directed by Angelina Jolie. This comparison explores the key differences between the powerful story of a WWII POW",2026-04-11,Unbroken,Laura Hillenbrand,2010,2014,Angelina Jolie,Biography / War,The Movie,Book Wins,verdict-book,2,https://amzn.to/3O9MHPz,,.././images/unbroken.jpg,XrjJbl7kRrI,https://www.youtube.com/watch?v=XrjJbl7kRrI,"Starring Jack O'Connell, Domhnall Gleeson, Miyavi — Movie: 2014",5,false,false,false,false,0,,The book is a must-read account of survival and resilience that the film adaptation struggles to fully capture.,4,/schindlers-list.html | /the-firm.html | /the-outsiders.html,Schindler's List | The Firm | The Outsiders,false,1,missing: FAQPage JSON-LD