"slug","pageTitle","metaDesc","winner","oneLineReason","titleChars","metaChars","flags"
"a-beautiful-mind","A Beautiful Mind: Nasar Owns the Truth. Howard Owns the Terror.","The biography gives you Nash's full life—the cruelty, the brilliance, the decades of illness. The film gives you what it feels like to lose reality.","Too Close to Call","Nasar's biography owns Nash's full truth; Howard's film owns the terror of losing your mind.","63","148",""
"a-knight-of-the-seven-kingdoms","A Knight of the Seven Kingdoms: Martin's Warmth vs HBO's World","Martin gave Westeros heart in three novellas. HBO gave it scale and faces. Both versions are irreplaceable—read and watch in any order.","Too Close to Call","Martin's prose warmth versus HBO's fully realised world—each irreplaceable.","62","135",""
"a-little-life","A Little Life: Yanagihara's 700 Pages Can't Fit in Two Hours","Van Hove's film compresses what only works through accumulation. The novel's slow devastation becomes rushed suffering. Read the book.","Book","The novel's 700-page accumulation of trauma cannot survive two-hour compression.","60","134",""
"a-man-called-ove","A Man Called Ove: Without His Inner Voice, He's Just Grumpy","Hannes Holm's film captures the warmth. It can't capture the caustic brilliance that makes Ove more than a curmudgeon. Read the book first.","Book","Ove's caustic internal monologue exists only on the page.","59","139",""
"a-walk-to-remember","A Walk to Remember: Sparks's 1950s Grief Earns What Moore Can't","The novel's retrospective voice and period setting make the loss feel earned. The 2002 film is easier to cry at—but harder to believe.","Book","Retrospective narration and 1950s setting earn emotional weight the film cannot replicate.","63","134",""
"about-a-boy","About a Boy: Hornby Owns Marcus. Grant Owns Will.","The novel gets inside Marcus's head in ways the film can't. The film gives Will a face Hornby never quite managed. Both are essential.","Too Close to Call","Hornby's prose owns Marcus's strangeness; Grant owns Will's weaponized charm.","49","134",""
"all-quiet-on-the-western-front","All Quiet: Remarque's Voice vs Berger's Armistice Framing","Remarque wrote from the trenches in first person. Berger made the first honest German-language film. Both are irreplaceable. Read first.","Too Close to Call","Remarque's first-person voice irreplaceable; Berger's German perspective and armistice framing irreplaceable.","57","136",""
"all-the-light-we-cannot-see","All the Light: Doerr Makes You See Through Marie-Laure's Hands","Netflix captured the plot. It can't capture the prose that turns blindness into a way of knowing the world. Read the book first.","Book","Doerr's prose renders Marie-Laure's blindness as heightened perception; no camera can replicate that.","62","128",""
"along-came-a-spider","Along Came a Spider: Jezzie's Betrayal Only Works on the Page","Patterson's Jezzie twist devastates. The film turns her into a generic corrupt cop. Soneji's fractured mind? Gone. Read the book first.","Book","Jezzie's betrayal and Soneji's fractured psychology exist only on the page.","61","135",""
"american-gods","American Gods: The Series Was Cancelled. The Book Has an Ending.","Fuller's first season is visually stunning. Then the show collapsed and left Gaiman's mystery unfinished. Read the book—it actually ends.","Book","The novel completes its mystery; the series was cancelled unresolved.","64","137",""
"american-psycho","American Psycho: Ellis's Bateman Is Unfilmable. Harron Knew It.","The novel's violence and unreliable narration can't survive adaptation. Harron made a sharp satire instead. Read Ellis first—it's still radical.","Book","Ellis's unreliable narrator and graphic violence exist only on the page.","63","144",""
"animal-farm","Animal Farm: Orwell's 80 Pages Are Perfect. Serkis Had to Add.","The novella is surgical. The film is sincere and beautiful. But every scene Serkis adds to reach feature length dilutes what Orwell kept spare.","Book","Orwell's prose economy — eighty pages of surgical precision — cannot be expanded without loss.","62","143",""
"annihilation","Annihilation: VanderMeer's Nameless Voice Is What Garland Lost","Garland made one of the most beautiful sci-fi films in years. He still can't replicate VanderMeer's unnamed narrator. Read the book first.","Book","The biologist's unnamed first-person voice cannot be filmed.","62","138",""
"atonement","Atonement: Read It First or Briony's Confession Means Nothing","Wright made one of the most beautiful films of the 2000s. It still can't do what McEwan does on the page. Read the book first.","Book","The metafictional ending only works on the page.","61","126",""
"band-of-brothers","Band of Brothers: Ambrose Owns the Record. HBO Owns the War.","The book is history. The series is the finest combat television ever made. You need both. Either order works.","Too Close to Call","Ambrose's history owns the record; the series owns the visceral experience of combat.","60","109",""
"beloved","Beloved: Morrison's Fragments Enact Trauma. Demme Just Shows It.","The novel's structure is the trauma—nonlinear, circling, refusing closure. Demme's film proceeds chronologically. Read the book first.","Book","Morrison's fragmented prose enacts trauma; film must proceed chronologically.","64","134",""
"big-fish","Big Fish: Wallace's Gaps vs Burton's Daffodils—Both Essential","Wallace wrote spare melancholy. Burton made visual extravagance. Each owns something the other can't touch. Read or watch first—both work.","Too Close to Call","Wallace's gaps exist only on the page; Burton's daffodils only on screen.","61","138",""
"big-little-lies-hbo","Big Little Lies: Moriarty's Wit vs. Kidman's Wrecked Perfection","The novel is funnier. The series is more devastating. Vallée's Monterey sharpens what Moriarty kept light. Both versions earn their ending.","Too Close to Call","Moriarty's comic voice sustains on the page; Kidman's performance deepens the screen.","63","139",""
"breakfast-at-tiffanys","Breakfast at Tiffany's: Capote Lets Her Go. Hepburn Stays.","The novella ends with Holly vanished and unknowable. The film ends with a kiss in the rain. Both choices are perfect for what they are.","Too Close to Call","Capote's ambiguous ending honors Holly's restlessness; Hepburn's icon transcends the source.","58","135",""
"bridgerton","Bridgerton: Quinn's Intimacy Beats the Series's Spectacle","The show is gorgeous. But Quinn keeps you inside Daphne and Simon's negotiation in ways the series can't. The book's focus wins.","Book","Quinn's tighter focus on Daphne and Simon's emotional negotiation outweighs the series's spectacle.","57","128",""
"brooklyn","Brooklyn: What Eilis Doesn't Say Is What Tóibín Does Best","Ronan's performance is luminous. But the novel's power lives in the silence between feeling and speech—something no actor can show.","Book","Tóibín's prose restraint—the gap between what Eilis feels and says—cannot be replicated on screen.","57","131",""
"catch-22","Catch-22: Heller's Circles Are the Point. Nichols Just Repeats.","The novel loops back on itself until war's logic collapses. The film gives you the scenes without the trap. Read the book first.","Book","The novel's circular structure is the formal argument itself.","63","128",""
"catch-me-if-you-can","Catch Me If You Can: Abagnale Teaches Crime. Spielberg Invents Heart.","The memoir shows you how the cons worked. The film gives Frank a father worth chasing. Both are essential for different reasons.","Too Close to Call","Book teaches fraud mechanics; film owns the emotional father-son story Spielberg invented.","69","128","TITLE_LONG(69)"
"cold-mountain","Cold Mountain: Frazier's Sentences Walk. Minghella's Just Show.","The novel's rhythm is the journey—long, rolling sentences that enact Inman's walk home. The film can only photograph it. Read the book first.","Book","Frazier's prose rhythm—long rolling sentences mimicking the walk itself—is inseparable from meaning.","63","141",""
"contact","Contact: Sagan's Pi Ending Can't Be Filmed. Foster Can't Be Read.","The novel ends with a mathematical proof of God. The film ends with Jodie Foster's face. Both are transcendent. Read first, then watch.","Too Close to Call","Sagan's pi revelation exists only on the page; Foster owns the screen.","65","135",""
"da-vinci-code","The Da Vinci Code: Brown's Cliffhangers Make It Unputdownable","Howard made a handsome film. Brown made a thriller you physically cannot stop reading. The book is an experience the movie just describes.","Book","Brown's chapter-ending cliffhangers create puzzle-solving momentum the film cannot replicate.","61","138",""
"daisy-jones-and-the-six","Daisy Jones: Reid's Oral History Does What the Series Can't","The contradictions between band members create the truth in Reid's novel. The series just dramatizes it. Read the book first.","Book","The oral history format—truth assembled from contradictory testimony—only works on the page.","59","125",""
"dark-matter","Dark Matter: Crouch's Velocity vs Edgerton's Two Jasons","The novel is propulsive in ways TV can't be. Edgerton does things with Jason's split that prose can't. Both are essential.","Too Close to Call","Novel's velocity versus Edgerton's dual performance—each irreplaceable.","55","122",""
"devil-wears-prada","The Devil Wears Prada: The Book's Andy Deserves Your Judgment","Weisberger wrote a protagonist who sells out and knows it. The film made her sympathetic. That's the whole problem. Read the book first.","Book","Weisberger's Andy is morally compromised; the films softened her into sympathy.","61","136",""
"divergent","Divergent: Roth's Tris Questions Herself. Woodley Just Acts.","The novel gives you a narrator who doubts her own choices. The film gives you a hero who looks conflicted. Read the book first.","Book","Tris's first-person voice carries moral ambivalence the film's screenplay cannot match.","60","127",""
"doctor-sleep","Doctor Sleep: King's Recovery Arc Is What Flanagan Can't Film","McGregor nails Danny. But King spends 500 pages inside an addict's mind in ways no film can match. The book earns what the film rushes.","Book","King's recovery narrative and True Knot backstory exceed what film can hold.","61","135",""
"dracula","Dracula: Stoker Never Shows the Monster. That's Why It Works.","Coppola's Dracula is gorgeous, operatic, everywhere. Stoker's is fragments, terror, absence. The novel is stranger and more frightening.","Book","Stoker's epistolary format renders Dracula through terrified fragments; Coppola shows him constantly, romantically.","61","136",""
"dune","Dune: Herbert Makes Paul a Villain. Villeneuve Makes Him a Hero.","The book is an argument about power and prophecy. The film is a spectacle that gestures toward it. Read Herbert first or miss the point.","Book","Herbert makes Paul's complicity explicit; the films leave it ambiguous.","64","136",""
"eat-pray-love","Eat Pray Love: Gilbert's Wit Lives on the Page. Roberts Just Travels.","Murphy made a beautiful travelogue. Gilbert wrote a memoir of intellectual rigor and self-awareness Roberts can't touch. Read the book first.","Book","Gilbert's voice—witty, self-aware, intellectually rigorous—exists only on the page.","69","141","TITLE_LONG(69)"
"enders-game-film","Ender's Game: Hood Shows the War. Card Shows the Child Breaking.","The Battle Room looks stunning. But Card's novel lives inside Ender's mind as it's weaponized—something no film can do. Read the book first.","Book","The novel's sustained interiority cannot exist on screen.","64","140",""
"enders-game","Ender's Game: Card Shows You Ender's Mind. Hood Just Shows Battles.","The novel is about strategy and moral weight. The film is about spectacle. Hood made a competent adaptation of an unfilmable book. Read first.","Book","Card's prose reveals Ender's mind; the film only shows his victories.","67","142","TITLE_LONG(67)"
"english-patient","The English Patient: Minghella Gets the Romance. Ondaatje Gets Kip.","The film won nine Oscars for its love story. The novel has Kip's rage at Hiroshima—the political reckoning Minghella cut. Read both.","Too Close to Call","Minghella perfects the love story; Ondaatje owns Kip's political reckoning.","67","132","TITLE_LONG(67)"
"everything-everything","Everything, Everything: The Twist Devastates in Yoon's Book. Not the Film.","Yoon's multimedia format makes you live inside Maddy's mind before the medical reveal shatters it. The film just shows you the plot. Read first.","Book","Yoon's multimedia format and psychological depth make the medical twist devastate on the page.","74","144","TITLE_LONG(74)"
"fight-club","Fight Club: Palahniuk's Prose vs Fincher's Subliminal Cuts","The novel's rhythm lives in sentence fragments. The film's lives in frames you don't see. Both are perfect for their medium. Either order works.","Too Close to Call","Palahniuk's staccato prose owns the page; Fincher's subliminal editing owns the screen.","58","144",""
"five-feet-apart","Five Feet Apart: Stella's Rules Mean Nothing Without Her Voice","Baldoni's film makes the distance romantic. Lippincott's book makes it survival. The internal spiral is what makes the rules matter.","Book","Stella's spiraling internal monologue reveals why her rules matter more than romance.","62","132",""
"fourth-wing","Fourth Wing: Violet's Wit Lives in Her Head—Not on Screen","Yarros built Violet through internal voice: tactical thinking, self-awareness, razor wit. That's the hardest thing to adapt. Read the book first.","Book","Violet's internal voice—wit, tactical thinking, self-awareness—exists only on the page.","57","145",""
"frankenstein","Frankenstein: Shelley's Creature Argues. Del Toro's Roars.","Del Toro made the most faithful adaptation in cinema history. It still can't give you the creature's voice. Read the book first.","Book","The creature's philosophical voice and moral arguments exist only on the page.","58","128",""
"geralds-game","Gerald's Game: Flanagan's Triumph Still Can't Get Inside Her Head","King spends 332 pages inside Jessie's fracturing mind. Flanagan made a masterpiece—but dissociation only works on the page. Read the book first.","Book","King's sustained psychological excavation of dissociated consciousness cannot be externalized.","65","144",""
"girl-on-the-train","The Girl on the Train: Blunt Can't Give You Rachel's Mind","Hawkins traps you inside an unreliable narrator's spiral. Taylor can only show you a drunk woman on a train. Read the book first.","Book","Rachel's fractured first-person narration only works on the page.","57","129",""
"girl-with-the-dragon-tattoo","Dragon Tattoo: Fincher Nails the Thriller. Larsson Wrote Lisbeth.","Mara's performance is stunning. But Larsson gives you Lisbeth's interior world and Sweden's rot in ways Fincher can't. Read the book first.","Book","Larsson's institutional critique and Lisbeth's interior world exist only on the page.","65","139",""
"gone-girl","Gone Girl: Pike Owns the Screen. Flynn Owns Amy's Mind.","Fincher's film gives you Rosamund Pike's face. Flynn's novel gives you Amazing Amy's architecture. Both manipulate you differently.","Too Close to Call","Pike's face owns the screen; Flynn's Amazing Amy owns the page.","55","131",""
"good-omens","Good Omens: Pratchett's Footnotes vs Sheen and Tennant","The novel's wit lives in the margins. The series lives in two performances you can't replicate on the page. Read first, then watch.","Too Close to Call","The novel's footnotes and dual authorship exist only on the page; Sheen and Tennant own the screen.","54","131",""
"hamnet","Hamnet: Buckley Can't Give You 300 Pages Inside Agnes's Mind","O'Farrell makes you live inside grief. Zhao can only show you its face. The novel's intimacy is what makes the loss unbearable. Read first.","Book","Only prose can sustain 300 pages inside Agnes's consciousness.","60","139",""
"hannibal-series","Hannibal: Harris Built the Monster. Fuller Made Him Beautiful.","The novels are essential thrillers. Fuller's series is formally extraordinary. Both irreplaceable — neither a substitute. Read Harris first.","Book","Harris's thrillers are tightly plotted source material; Fuller's visual language is irreplaceable.","62","140",""
"heated-rivalry","Heated Rivalry: Reid Owns the Longing. Tierney Owns the Risk.","The novel gives you Ilya's silence. The show gives you the glances that break it. Both versions are essential for different reasons.","Too Close to Call","Reid's interior voice lives only on the page; Tierney's compression tightens what matters most.","61","132",""
"high-fidelity","High Fidelity: Hornby's Lists Hide Pain. Cusack's Voice Owns It.","Hornby wrote a man who hides behind music. Cusack plays him as someone who can't. Both versions work. Start with either.","Too Close to Call","Hornby's interior prose irreplaceable; Cusack's monologues own the screen.","64","120",""
"hillbilly-elegy","Hillbilly Elegy: Vance Explains Appalachia. Howard Just Pities It.","The book is sociology disguised as memoir. The film is melodrama disguised as empathy. Read the book first or you'll miss the entire point.","Book","The memoir's sociological analysis of class and culture vanishes entirely from the film.","66","139","TITLE_LONG(66)"
"hitchhikers-guide","Hitchhiker's Guide: The Film Gets the Gags, Loses the Voice","Adams wrote a novel where the narrator is funnier than the plot. Jennings cast it well and missed the point. Read the book first.","Book","Adams's narrative voice—the asides, digressions, deadpan prose—is the joke itself.","59","129",""
"howls-moving-castle","Howl's Moving Castle: Jones Gives Sophie Magic. Miyazaki Feeling.","Jones's Sophie breaks curses without knowing it. Miyazaki's breaks them by feeling everything. Both are essential. Read the book first.","Too Close to Call","Jones's Sophie unknowingly breaks curses through magic; Miyazaki's transforms through feeling.","65","135",""
"hunger-games-sunrise","Hunger Games: Collins's Propaganda vs Fiennes's Snow","The book gives you the ideology behind the Games. The film will give you the man who built them. Both are essential—in different ways.","Too Close to Call","Collins's propaganda argument exists only on the page; Fiennes's Snow exists only on screen.","52","134",""
"i-am-legend","I Am Legend: Book vs Film — Matheson's Ending Inverts Everything","Richard Matheson","Book","The novella's ending redefines Neville as monster, not hero—the film inverts this entirely.","64","16",""
"i-robot","I, Robot: Asimov's Puzzles Become Will Smith's Props","The Three Laws are the foundation of science fiction ethics. Proyas uses them as window dressing for explosions. Read the book.","Book","Asimov's Three Laws function as philosophical puzzles; the film uses them as plot furniture.","52","127",""
"interview-with-the-vampire-amcplus","Interview with the Vampire: Rice's Grief Lives in Sentences","AMC's series is bold and brilliant. It still can't give you what Rice does with language alone. Read the book first.","Book","Rice's baroque prose cannot be replicated on screen.","59","116",""
"into-the-wild","Into the Wild: Penn Made McCandless a Martyr. Krakauer Made Him Real.","The book gives you Everett Ruess, Gene Rosellini, the context that explains Chris. The film gives you a beautiful death. Read first.","Book","Krakauer's parallel stories of other wilderness seekers provide context Penn's film omits.","69","132","TITLE_LONG(69)"
"it-ends-with-us","It Ends With Us: Hoover Shows Why Lily Stays. Baldoni Just Shows.","The novel makes you understand the rationalizations that keep Lily trapped. The film only shows the violence. Read the book first.","Book","Lily's interior rationalizations of abuse exist only in Hoover's prose.","65","130",""
"it-muschietti","It: King's Cosmic Horror Lives Only in the Book's 1,000 Pages","Muschietti made the best King adaptation in years. He still can't touch the novel's dual timeline or what It actually is. Read the book first.","Book","King's dual timeline and cosmic mythology exist only on the page.","61","142",""
"jane-eyre","Jane Eyre: Brontë's 'Reader, I Married Him' Can't Exist on Film","Fukunaga made the finest adaptation yet. It's still considerably less than the novel. Jane's voice is its own world.","Book","Jane's direct address to the reader exists only on the page.","63","116",""
"jurassic-park","Jurassic Park: Crichton's Chaos Argument Dies in Spielberg's Hands","Spielberg made cinema magic. Crichton wrote a warning about hubris that the film turned into a theme park ride. Read the book first.","Book","Crichton's chaos theory argument survives only on the page; Spielberg's dinosaurs exist only on screen.","66","132","TITLE_LONG(66)"
"kite-runner","The Kite Runner: Forster Can't Trap You in Amir's Guilt","Hosseini makes you live inside Amir's shame for 400 pages. Forster's film is sincere but can't replicate that suffocation. Read first.","Book","Only the novel traps you inside Amir's guilty conscience for four hundred pages.","55","134",""
"la-confidential","LA Confidential: Ellroy's Staccato Owns the Page. Hanson Owns the Screen.","One of the great American crime novels. One of the great American crime films. Different achievements at different scales. Read both.","Too Close to Call","Ellroy's staccato prose owns the page; Hanson's visual compression owns the screen.","73","133","TITLE_LONG(73)"
"les-miserables","Les Misérables: Hugo's Valjean Thinks. Hooper's Just Sings.","The musical is magnificent spectacle. It still can't give you the moral crisis that happens inside Valjean's head. Read the book first.","Book","Hugo's philosophical digressions and Valjean's internal crises cannot be sung.","59","135",""
"little-women","Little Women: Alcott's Moral Voice vs Gerwig's Structure","Alcott wrote the great American novel of female ambition. Gerwig made it formally inventive. Both are essential. Read and watch in either order.","Too Close to Call","Alcott's moral voice exists only on the page; Gerwig's non-linear structure exists only on screen.","56","144",""
"lonesome-dove","Lonesome Dove: Duvall Is Perfect. He Still Can't Show You Gus.","McMurtry gives you decades of silence between Call and Gus. The miniseries gives you their faces. Read the book first—then watch them ride.","Book","McMurtry's interior monologues give Gus and Call depths Duvall and Jones cannot fully capture.","62","139",""
"looking-for-alaska","Looking for Alaska: Green Traps You in Pudge's Grief. Hulu Watches.","The novel's first-person spiral makes Alaska's death unbearable in ways the series can't touch. You need to feel it from inside Pudge's head.","Book","First-person narration traps you inside Pudge's grief; the series watches from outside.","67","141","TITLE_LONG(67)"
"lord-of-the-flies","Lord of the Flies: Golding Makes You Complicit. Brook Just Shows.","The novel's ironic voice implicates the reader in the horror. Brook's film is raw and sincere, but it can't argue what Golding argues.","Book","Golding's ironic narrative voice implicates the reader; the film presents events without that frame.","65","134",""
"love-simon","Love, Simon: The Film Makes Him Likable. The Book Makes Him Real.","Albertalli's Simon is anxious, messy, self-sabotaging. Berlanti's is a rom-com lead. The neuroses are what make the coming-out story work.","Book","Albertalli's first-person voice captures Simon's neuroses; the film smooths them away.","65","138",""
"margos-got-money-troubles","Margo's Got Money Troubles: Thorpe's Voice Is What TV Can't Give You","Walsh cast it perfectly. The series is warm, sharp, excellent. But Thorpe's first-person wit lives only on the page. Read the book first.","Book","Thorpe's first-person prose voice—witty, precise, irreplaceable—is the novel's defining asset.","68","137","TITLE_LONG(68)"
"me-before-you","Me Before You: The Book Lets Will Explain. The Film Just Watches.","Moyes gives you Will's reasoning in his own voice. Clarke can only show his exterior. The novel earns what the film can't. Read first.","Book","Will's alternating first-person chapters give you his reasoning; the film shows only his exterior.","65","134",""
"mickey-17","Mickey 17: Ashton's Dread Lingers. Bong's Resolves.","Joon-ho made a stunning film. It still can't hold the existential terror Ashton sustains in Mickey's head. Read the book first.","Book","Ashton's internal monologue sustains existential dread the film resolves too easily.","51","127",""
"misery","Misery: King's Axe vs Bates's Face — Both Win","The novel has Paul's terror and the full horror of the hobbling. The film has Kathy Bates. One of the rare ties where both versions are essential.","Too Close to Call","King's interior monologue and serial killer backstory versus Bates's definitive Oscar-winning performance.","45","146",""
"my-brilliant-friend","My Brilliant Friend: Without Elena's Jealousy, Lila Disappears","Costanzo's series is beautiful. But Ferrante's unreliable narrator is the story—and HBO can't show what Elena won't admit she feels.","Book","Elena's jealous, unreliable narration exists only on the page.","62","132",""
"my-sisters-keeper","My Sister's Keeper: Book vs Movie — Which Is Better? (Jodi Picoult)","Jodi Picoult","Book","Seven narrators create moral complexity the film's single voiceover cannot replicate.","67","12","TITLE_LONG(67)"
"narnia-magicians-nephew","The Magician's Nephew: Aslan's Song Can't Survive the Screen","Lewis made you hear creation in silence. Gerwig will give you a soundtrack. The book's magic lives in what you imagine, not what you see.","Book","Lewis's creation song only works when you imagine it yourself.","60","137",""
"never-let-me-go","Never Let Me Go: Kathy's Voice Is Everything Romanek Can't Film","Ishiguro's digressions are the point—they enact memory, denial, grief. The film is faithful and heartbreaking. It still isn't the book.","Book","Kathy's digressive narration—the novel's irreplaceable formal achievement—cannot be replicated on screen.","63","135",""
"normal-people","Normal People: Rooney's Silence vs. Mescal's Face","The novel gives you what Connell can't say. The series gives you what he can't hide. Both are essential. Start with either.","Too Close to Call","Rooney's free indirect style exists only on the page; Mescal and Edgar-Jones own the screen.","49","123",""
"of-mice-and-men","Of Mice and Men: Steinbeck's Refrain vs Malkovich's Silence","The novella builds through repetition. The film builds through Malkovich's face. Both versions break your heart. Either order works.","Too Close to Call","Steinbeck's repeated phrases accumulate on the page; Malkovich's eyes own the screen.","59","132",""
"olive-kitteridge","Olive Kitteridge: Strout Hides Her. HBO Won't Stop Showing Her.","The book lets Olive haunt the edges of other people's stories. The miniseries makes her the star of every scene. Read the novel first.","Book","The novel's fragmented structure reveals Olive obliquely; the miniseries centers her constantly.","63","134",""
"on-the-road","On the Road: The Novel Is the Trip. The Film Is Just the Map.","Salles made a beautiful film. It still can't do what Kerouac does in the sentences. The road is the prose. Read the book first.","Book","Kerouac's spontaneous prose style is the experience; images cannot replace it.","61","127",""
"one-day","One Day: Twenty Years in Two Hours Loses What Nicholls Built","Nicholls's annual snapshots accumulate meaning the 2011 film can't replicate. The structure is the story. Read the book first.","Book","The annual structure accumulates emotional weight that two-hour compression cannot replicate.","60","126",""
"one-flew-over-the-cuckoos-nest","Cuckoo's Nest: Kesey Gave You Bromden. Forman Gave You Jack.","The novel is Bromden's hallucination. The film is Nicholson's rebellion. Both are masterpieces. Read the book first—the Chief deserves it.","Too Close to Call","Bromden's hallucinatory narration exists only on the page; Nicholson's performance owns the screen.","60","138",""
"outlander","Outlander: You Never Hear Claire Think on Screen","Balfe is perfect casting. But Gabaldon's first-person narration gives you Claire's mind in ways the series can't. Read the book first.","Book","Claire's first-person voice and interior monologue exist only on the page.","48","134",""
"pachinko","Pachinko: The Series Can't Break Your Heart Like Noa Does","Apple TV+ made a beautiful adaptation. It still can't replicate the four-generation scope that makes Noa's fate devastating. Read the book first.","Book","The novel's four-generation scope and Noa's devastating arc are irreplaceable.","57","145",""
"people-we-meet-on-vacation","People We Meet on Vacation: Ten Years in Poppy's Voice or Nothing","Henry earns every moment of that final payoff through a decade of accumulation. Haley's film rushes what the book lets you feel. Read first.","Book","Henry's first-person voice and ten-year accumulation earn the payoff completely.","65","140",""
"perks-of-being-a-wallflower","Perks: Chbosky's Letters vs. Miller's Patrick and That Tunnel","The novel gives you Charlie's voice on the page. The film gives you Ezra Miller and 'Landslide' at 60mph. Both are essential.","Too Close to Call","The novel owns Charlie's epistolary voice; the film owns Ezra Miller's Patrick and the tunnel in motion.","61","125",""
"pet-sematary-2019","Pet Sematary: King's Louis Creed Breaks Where the Film Can't Go","The 2019 film is atmospheric and competent. It still can't show you a father's mind collapsing into monstrosity. Read King's book first.","Book","Louis's interior descent into catastrophe only exists on the page.","63","136",""
"presumed-innocent","Presumed Innocent: Turow's Inner Voice Does What Gyllenhaal Can't","The series is confident and handsome. It still can't replicate Turow's first-person legal precision. Read the book that invented the genre first.","Book","Turow's first-person narration and legal precision are irreplaceable on the page.","65","145",""
"pride-and-prejudice","Pride and Prejudice: Austen's Irony Dies the Moment You Film It","Wright made a beautiful film. Macfadyen's Darcy is perfect. But Elizabeth's interior voice—the thing that makes the novel great—can't survive on screen.","Book","Austen's ironic voice and Elizabeth's interior observations exist only on the page.","63","152",""
"project-hail-mary","Project Hail Mary: Weir Makes You Solve. Gosling Makes You Watch.","Grace's internal monologue is the book's engine—you work through the science with him. The film can only show you the answers. Read first.","Book","Grace's internal monologue lets you solve problems alongside him, not just watch.","65","138",""
"ready-player-one","Ready Player One: Cline's Puzzles Reward You. Spielberg Just Dazzles.","The novel makes you earn every gate with obscure trivia. The film gives you spectacle without the work. Read the book first—it's a different game.","Book","Cline's puzzle box rewards encyclopedic 1980s knowledge; Spielberg replaces it with spectacle.","69","146","TITLE_LONG(69)"
"rebecca","Rebecca: Hitchcock Changed the Murder. Du Maurier's Truth Matters.","The Production Code forced Hitchcock to rewrite Maxim's crime. Du Maurier's version is darker, truer, and the reason the book still unsettles.","Book","The narrator's unnamed identity and Maxim's actual murder exist only on the page.","66","142","TITLE_LONG(66)"
"remains-of-the-day","The Remains of the Day: What Stevens Won't Say Can't Be Filmed","Ivory made one of the great literary adaptations. It's still lesser than Ishiguro's novel. The meaning lives in what Stevens refuses to say.","Book","Stevens's unreliable narration—his refusal to acknowledge what he means—cannot be filmed.","62","140",""
"remarkably-bright-creatures","Remarkably Bright Creatures: Without Marcellus's Voice, It's Just Sad","Van Pelt's octopus narrator is what makes the book transcendent. Newman's film will have Sally Field, but it can't have Marcellus's mind.","Book","Marcellus's alien first-person narration exists only in prose.","69","137","TITLE_LONG(69)"
"reminders-of-him","Reminders of Him: Kenna's Letters Lose Everything on Screen","Monroe is perfectly cast, but Hoover's dual perspective and the letters that anchor the novel's grief can't survive adaptation. Read first.","Book","Hoover's dual perspective and Kenna's letters carry emotional weight the film cannot replicate.","59","139",""
"room","Room: Jack's Voice Lives on the Page. Tremblay Lives Onscreen.","Donoghue's narration is irreplaceable. Larson and Tremblay are unrepeatable. Both versions are essential for different reasons.","Too Close to Call","Jack's five-year-old narration exists only on the page; Larson and Tremblay own the screen.","62","127",""
"roots-2016","Roots: Haley's Inner Voices Are What the Miniseries Can't Film","The 2016 adaptation is powerful, but Haley's internal monologues—the generational weight that builds across centuries—exist only on the page.","Book","Haley's internal monologues and generational accumulation exist only on the page.","62","141",""
"rosemarys-baby","Rosemary's Baby: Levin Makes You Doubt. Farrow Makes You Believe.","The novel's first-person ambiguity can't be filmed. Polanski's suffocating visuals can't be written. Both are essential. Read first.","Too Close to Call","Levin's first-person ambiguity exists only on the page; Farrow and Gordon own the screen.","65","132",""
"schindlers-list","Schindler's List: The Red Coat Does What Keneally Never Could","Spielberg made one of cinema's rare transcendent adaptations. Keneally's history is essential, but the film is the masterpiece. Watch first.","Film","Spielberg's black-and-white cinematography and the red coat achieve what prose cannot.","61","140",""
"seabiscuit","Seabiscuit: Pollard Was Blind. The Film Barely Mentions It.","Hillenbrand builds her story on Pollard's blindness and Smith's frontier code. Ross's film turns both into background details. Read first.","Book","Hillenbrand reveals Pollard's functional blindness and Smith's frontier philosophy; the film reduces both to footnotes.","59","138",""
"sense-and-sensibility","Sense and Sensibility: Austen's Irony Does What Lee Can't","Thompson's script is brilliant. Lee's direction is warm. Neither can replicate Austen's formal intelligence. Read the book first.","Book","Austen's ironic distance and formal intelligence exceed the film's warmer, more emotionally direct approach.","57","129",""
"shadow-and-bone","Shadow and Bone: Bardugo's Alina Gets Lost in Netflix's Crowd","The series adds Kaz and the Crows. It works—but you lose the one thing that made Bardugo's original worth reading. Start with the book.","Book","The novel's focused intimacy with Alina's internal voice outweighs the series' ensemble gains.","61","135",""
"sharp-objects","Sharp Objects: Flynn Gets Inside Camille's Head. Adams Can't.","Vallée's series is gorgeous and Adams is perfect. But Flynn's suffocating first-person narration does what no camera can. Read the book first.","Book","Flynn's first-person narration captures the interior voice; Vallée can only show the surface.","61","142",""
"shogun-2024","Shogun: Clavell's Immersion vs. the Series' Japanese Soul","The 2024 series gives Mariko and Toranaga what Clavell never could. The novel still wins on sheer depth. Read the book first.","Book","The novel's thousand pages of immersion outweigh the series' superior perspective on Japanese characters.","57","125",""
"silence-of-the-lambs","Silence of the Lambs: Harris Owns Your Mind. Demme Owns Your Eyes.","Harris gives you Clarice's fear from inside. Demme makes Lecter stare through you. Both are masterworks. Read and watch both.","Too Close to Call","Harris's interiority owns the page; Demme's direct-address camera owns the screen.","66","125","TITLE_LONG(66)"
"sophies-choice","Sophie's Choice: Styron Reveals in Layers. Streep in One Look.","The novel withholds the choice until you've earned it. The film gives you Streep's face. Both devastate differently. Start with either.","Too Close to Call","Styron's nested revelations demand reading first; Streep's performance owns the screen.","62","135",""
"sphere","Sphere: Crichton Traps You in Norman's Mind. Levinson Can't.","The novel makes you feel Norman's paranoia from inside. The film can only show it from outside. Read the book first—the fear is structural.","Book","Norman's interior paranoia exists only in prose, not on screen.","60","139",""
"stardust","Stardust: Gaiman's Prose vs De Niro's Captain Shakespeare","Vaughn's film is warmer and funnier than the novel. Gaiman's Victorian elegance can't transfer. Both versions earn their ending differently.","Too Close to Call","Gaiman's archaic prose exists only on the page; De Niro and Pfeiffer own the screen.","57","140",""
"station-eleven","Station Eleven: Mandel Built It Perfect. Somerville Made It Hurt.","The novel is a formal masterpiece. The series breaks your heart in ways the book can't. Both are essential. Read or watch first—either works.","Too Close to Call","Mandel's formal precision survives only on the page; Somerville's emotional generosity only on screen.","65","141",""
"talented-mr-ripley","The Talented Mr. Ripley: Highsmith's Sociopath vs Minghella's Victim","Minghella made Tom comprehensible. Highsmith made him genuinely alien. The film is gorgeous. The novel is unsettling. Read the book first.","Book","Highsmith's Tom is coldly alien; Minghella's is sympathetically wounded.","68","138","TITLE_LONG(68)"
"the-book-thief","The Book Thief: Death Tells You Who Dies. The Film Just Shows It.","Zusak's narrator announces deaths pages before they happen—a formal choice that makes the novel devastating. Percival's film is beautiful but ordinary.","Book","Death's narrative voice announces deaths before they happen—irreplaceable on the page.","65","151",""
"the-client","The Client: Grisham's Mark Carries Guilt Schumacher Erased","The film gives you a plucky kid and a tough lawyer. The book gives you a traumatized child who can't sleep. Read Grisham first.","Book","Reggie's trauma and Mark's guilt exist only on the page.","58","127",""
"the-color-purple","The Color Purple: Celie's Letters to God Can't Be Filmed","Walker's vernacular epistolary voice is the novel's soul. Spielberg gives you Goldberg's face. Both matter. The book matters more.","Book","Celie's epistolary voice—her vernacular letters to God—cannot be filmed.","56","130",""
"the-count-of-monte-cristo","The Count of Monte Cristo: The Film Turns Dumas Into a Heist","Dumas spent 1,200 pages weaving revenge schemes that echo across Paris. The film gives you three targets and a sword fight. Read first.","Book","Dumas' interconnected revenge schemes reward patient readers; the film collapses them into simplified spectacle.","60","135",""
"the-electric-state","The Electric State: Stålenhag's Paintings Demand Silence Cinema Can't Give","The Russos made a spectacle. Stålenhag made something you need to sit with. The book's melancholy only works at your own pace.","Book","Stålenhag's paintings create melancholic beauty that cinema cannot pause to absorb.","74","126","TITLE_LONG(74)"
"the-fault-in-our-stars","The Fault in Our Stars: Shailene Woodley Can't Give You Hazel's Voice","Green's Hazel is sardonic, precise, and darkly funny. The film smooths her into something softer. Read the book first—the voice is the experience.","Book","Hazel's first-person voice is sardonic and precise; no performance can replicate it.","69","146","TITLE_LONG(69)"
"the-firm","The Firm: Grisham's Ending Is Brilliant. Pollack Threw It Away.","The novel ends with billing fraud brilliance. The film ends with a chase. Pollack made Cruise watchable but lost what made Grisham clever.","Book","The novel's billing fraud ending is smarter than the film's chase climax.","63","138",""
"the-girl-with-the-dragon-tattoo-fincher","Dragon Tattoo: Larsson's Sweden vs Mara's Lisbeth","The book gives you institutional rot and Lisbeth's full world. Fincher gives you one of cinema's great character reveals. Both essential.","Too Close to Call","Larsson's institutional depth versus Fincher's formal mastery and Mara's iconic performance.","49","137",""
"the-giver","The Giver: Lowry's Restraint Creates Dread the Film Destroys","The novel withholds what the film expands into action. That restraint is the entire point. The 2014 adaptation misses what made it devastating.","Book","The novel's restraint and twelve-year-old protagonist create dread the film's expansion cannot replicate.","60","143",""
"the-glass-castle","The Glass Castle: The Book Refuses to Make Rex Charming","Cretton's film turns Rex Walls into a lovable drunk. Walls' memoir never lets you forget he's dangerous. Read the book first.","Book","Walls refuses to soften Rex's violence; the film sanitizes it into charm.","55","125",""
"the-great-gatsby","The Great Gatsby: Luhrmann Can't Film What Fitzgerald Does in a Sentence","DiCaprio's face is beautiful. The prose is the thing. One hundred and eighty pages that no amount of visual spectacle can replace. Read it first.","Book","Fitzgerald's prose is the experience; no film can replicate it.","72","145","TITLE_LONG(72)"
"the-handmaids-tale","The Handmaid's Tale: Offred's Voice Only Exists in Atwood","Schlöndorff tried. Hulu tried harder. Neither can do what Atwood does with first-person uncertainty and the Historical Notes. Read the book first.","Book","Atwood's narration and Historical Notes metafiction cannot be replicated on screen.","57","146",""
"the-haunting-of-hill-house","The Haunting of Hill House: Jackson vs Flanagan — Book vs Series","Shirley Jackson","Too Close to Call","Jackson's prose performs psychological dissolution; Flanagan's series makes ghosts visible and real.","64","15",""
"the-help","The Help: Stockett Gives Three Voices. Taylor Gives One.","Aibileen, Minny, and Skeeter share the novel equally. The film belongs to Viola Davis. Read the book first for the full chorus.","Book","The novel's three equal first-person voices cannot be compressed into film.","56","127",""
"the-hours","The Hours: Cunningham Echoes Woolf. Glass Answers in Music.","Cunningham's prose rhythms do what only reading can. Glass's score does what only music can. Both are essential. Start with either.","Too Close to Call","Cunningham's prose echoes Woolf; Glass's score does in music what prose cannot.","59","131",""
"the-housemaid","The Housemaid: McFadden's Twist Earns Its Landing. Feig's Doesn't.","Feig made a fun, campy thriller. McFadden engineered 300 pages of misdirection that makes the payoff devastating. Read the book first.","Book","McFadden's 300-page misdirection lands harder than Feig's abbreviated twist.","66","134","TITLE_LONG(66)"
"the-lincoln-lawyer","The Lincoln Lawyer: Connelly Traps You. Furman Just Moves Fast.","McConaughey's charm can't replicate what Connelly does in Haller's head. The film races past the moral trap the book makes inescapable.","Book","Connelly's procedural detail and interior monologue make Haller's ethical bind genuinely inescapable.","63","135",""
"the-longest-ride","The Longest Ride: Ira's Voice Is Sparks's Best. The Film Loses It.","Sparks spent 400 pages building Ira's first-person voice into something rare for him. Tillman's film can't replicate that accumulation. Read first.","Book","Ira's first-person voice accumulates across four hundred pages into Sparks's best character.","66","147","TITLE_LONG(66)"
"the-lovely-bones","The Lovely Bones: Sebold's Grief Accumulates. Jackson's Evaporates.","Jackson made something beautiful. It still can't do what Sebold does with Susie's voice. The spectacle kills the restraint. Read first.","Book","Susie's restrained narrative voice accumulates grief; the film's spectacle disperses it.","67","135","TITLE_LONG(67)"
"the-martian","The Martian: Weir's Logs Own Your Mind. Scott Owns the Rescue.","Damon nails Watney's humor, but the book's problem-solving lives inside your head in ways no film can match. Both are essential.","Too Close to Call","Weir's log entries own the mind; Scott's rescue sequence owns the screen.","62","128",""
"the-maze-runner-film","The Maze Runner: Dashner Builds a World. Ball Just Shows One.","The film is tense and lean, but the book's slow accumulation of the Glade's rules has a weight Ball can only suggest. Read first.","Book","The novel's slow revelation of the Glade's society has texture the film compresses.","61","129",""
"the-maze-runner","The Maze Runner: Book vs Movie — James Dashner vs Wes Ball","James Dashner","Book","The novel's first-person interiority makes every revelation land with personal weight.","58","13",""
"the-notebook","The Notebook: Sparks's Noah Thinks. Gosling's Just Does.","The film has the chemistry. The book has the weight. Sparks wrote a man haunted by loss. Cassavetes cast a man who builds things. Read first.","Book","Sparks's Noah is a thinker haunted by loss; Gosling's is a doer.","56","141",""
"the-odyssey","The Odyssey: Homer's Similes vs Nolan's Fractured Time","Nolan's chronology mirrors Homer's structure in ways no linear film could. But the epic similes? Those live only on the page. Read first.","Too Close to Call","Homer's epic similes exist only on the page; Nolan's fractured chronology mirrors the poem's structure perfectly.","54","137",""
"the-outsider","The Outsider: King's Genre Pivot Shocks. HBO Telegraphs It.","The novel builds a procedural so convincing that the horror pivot feels earned and terrifying. The series signals it from episode one. Read first.","Book","The genre pivot shocks hardest when built across the novel's procedural logic.","59","146",""
"the-outsiders","The Outsiders: Hinton Owns Ponyboy. Coppola Owns the Greasers.","The novel gives you a fifteen-year-old's voice. The film gives you Dillon, Lowe, Cruise, Swayze. Both matter. Either order works.","Too Close to Call","Novel owns Ponyboy's voice; film owns the ensemble cast that launched careers.","62","129",""
"the-pelican-brief","The Pelican Brief: Grisham's Gray Darby Gets Pakula's Gloss","Pakula cast Julia Roberts and erased the moral compromises that made Darby Shaw dangerous. The book's conspiracy has teeth. Read first.","Book","Grisham's legal procedural detail and Gray's moral compromises vanish in Pakula's streamlined adaptation.","59","135",""
"the-pianist","The Pianist: Szpilman Testifies. Brody Becomes the Witness.","The memoir gives you survival in Szpilman's own words. Polanski gives you Brody's body wasting away in real time. Both are essential.","Too Close to Call","Szpilman's voice versus Brody's skeletal frame—testimony versus witness.","59","133",""
"the-picture-of-dorian-gray","Dorian Gray: Lord Henry's Wit Dies in Translation to Film","Parker's film looks lush but can't capture Wilde's epigrammatic brilliance. Without the prose, Lord Henry becomes a villain instead of a philosopher.","Book","Wilde's epigrammatic prose and Lord Henry's philosophy are irreplaceable on the page.","57","149",""
"the-pillars-of-the-earth","Pillars of the Earth: Follett Teaches. The Series Just Shows.","The novel makes you understand stone and mortar. The series makes you watch them stack. One gives you medieval craft, the other spectacle.","Book","The novel teaches you how cathedrals are built; the series only shows you them rising.","61","138",""
"the-princess-bride","The Princess Bride: Goldman's Frame vs Patinkin's Inigo","Goldman wrote both. The book has a meta-fictional frame the film can't touch. The film has Patinkin's Inigo the book can't match. Both win.","Too Close to Call","Goldman's meta-fictional frame exists only on the page; Patinkin's Inigo exists only on screen.","55","139",""
"the-road","The Road: McCarthy's Prose Enacts What Hillcoat Can Only Show","Hillcoat made a faithful adaptation. It's still considerably lesser. The prose isn't decoration—it's the whole point. Read first.","Book","McCarthy's stripped prose enacts the degradation; the film can only show the story.","61","129",""
"the-secret-garden","The Secret Garden: Burnett's Slow Healing vs Munden's Rush","Munden made a beautiful film. But recovery doesn't work at film speed. Burnett's repetitive pacing is the point. Read the book first.","Book","Burnett's pacing—slow, repetitive, unglamorous—is the argument about how healing actually works.","58","133",""
"the-secret-life-of-bees","The Secret Life of Bees: Lily's Guilt Is Real in Kidd's Novel","The film gives you Queen Latifah and Dakota Fanning. It doesn't give you the weight of what Lily carries. Read the book first.","Book","Kidd's prose holds Lily's guilt and complicity; the film sands down its edges.","61","126",""
"the-shining","The Shining: Kubrick's Jack Is Already Evil. King's Isn't.","King wrote a tragedy about a good man destroyed. Kubrick made a horror film about a man who was always a monster. Read the book first.","Book","King's Jack is corrupted by evil; Kubrick's Jack already is evil.","58","134",""
"the-sisterhood-of-the-traveling-pants","Sisterhood of the Traveling Pants: Read First or Lose the Girls","Brashares gives you four interior lives. Kwapis gives you four plots. The difference is everything in a story about becoming yourself.","Book","Brashares' rotating first-person chapters inhabit each girl's interior life; the film captures plot but misses psychological depth.","63","134",""
"the-three-body-problem","The Three-Body Problem: Netflix Turned Trauma Into Backstory","Liu's novel is shaped by the Cultural Revolution. The series treats it as exposition. Read the book first or you'll miss the philosophy.","Book","The Cultural Revolution trauma drives the novel's philosophy; the series reduces it to flashbacks.","60","136",""
"the-thursday-murder-club","The Thursday Murder Club: Joyce's Diary Is the Heart. The Film Lost It.","Osman's novel lives in Joyce's voice and Elizabeth's secrets. The 2026 film flattens both into plot devices. Read the book first.","Book","Joyce's diary entries and Elizabeth's ambiguous past survive only on the page.","71","129","TITLE_LONG(71)"
"the-time-travelers-wife","The Time Traveler's Wife: The Date Headings Are the Story","Schwentke linearised the romance and lost what makes Niffenegger's novel devastating. Every scene means differently because of what surrounds it.","Book","The novel's non-linear structure—date headings that recontextualise every scene—cannot be replicated on film.","57","145",""
"the-witcher","The Witcher: Sapkowski's Moral Clarity Gets Lost in Netflix's Timeline","Cavill nails Geralt, but the show's fractured structure buries what makes the short stories work. Read The Last Wish first.","Book","Short stories' self-contained moral clarity survives only on the page.","70","123","TITLE_LONG(70)"
"the-woman-in-the-window","The Woman in the Window: Finn Makes You Complicit. Wright Shows You.","The novel's unreliable narrator traps you inside Anna's delusion. The film watches from outside. Read the book first—it's the only way in.","Book","First-person unreliable narration makes you complicit; the film externalizes what should stay hidden.","68","138","TITLE_LONG(68)"
"thirteen-reasons-why","Thirteen Reasons Why: Netflix Exploits What Asher Kept Off-Page","Asher's restraint lets Hannah own her story. Netflix's graphic scenes and invented seasons turn her suicide into spectacle. Read the book first.","Book","Asher's single-night structure and off-page restraint preserve Hannah's voice; Netflix's graphic depictions and invented seasons exploit it.","63","144",""
"to-kill-a-mockingbird","To Kill a Mockingbird: Scout's Voice vs Peck's Atticus","Lee's double narration gives you Scout at eight and thirty-three. Peck gives you the most iconic Atticus ever filmed. Both are essential.","Too Close to Call","Scout's double narration exists only on the page; Peck's Atticus owns the screen.","54","137",""
"verity","Verity: The Manuscript's Horror Only Works Unfilmed","Hoover's graphic passages create dread no studio will touch. Hathaway's restrained performance can't replicate what you imagine on the page.","Book","The manuscript's graphic passages create visceral dread the film's restraint cannot replicate.","51","140",""
"water-for-elephants","Water for Elephants: The Film Softens What Gruen Made Brutal","Lawrence turned Gruen's violent circus novel into a Pattinson romance. The dual timeline and unflinching cruelty that made the book work vanish.","Book","Gruen's dual timeline and unflinching violence create depth the film's romance cannot.","60","144",""
"where-the-crawdads-sing","Crawdads: Owens' Fireflies and Tides Can't Survive the Screen","Edgar-Jones is excellent. The marsh is beautiful. But this is a novel about growing up inside a landscape, and that feeling only exists on the page.","Book","Owens' nature writing—firefly behavior, tidal patterns—is the novel's irreplaceable voice.","61","148",""
"white-noise","White Noise: DeLillo's Language Is the Plot. Baumbach Has None.","Baumbach nails the supermarket and the airborne toxic event. He can't film the prose style that makes them mean something. Read the book.","Book","DeLillo's prose—brand names, fragmented rhythm, linguistic breakdown—cannot be filmed.","63","137",""
"wolf-hall","Wolf Hall: Mantel Gives You Cromwell's Mind. Rylance His Face.","Rylance's performance is definitive. But Mantel's present-tense prose puts you inside Cromwell's calculations in ways no actor can. Read first.","Book","Mantel's present-tense narration seals you inside Cromwell's mind in ways prose alone can achieve.","62","143",""
"world-war-z","World War Z: Brooks's Oral History Can't Be Filmed. Read First.","Forster made a decent action thriller. Brooks wrote something formally original that only works on the page. They share a title, nothing else.","Book","Brooks's oral history format cannot survive translation to film.","63","142",""
"wuthering-heights","Wuthering Heights: Brontë's Nesting Makes Heathcliff. Fennell Can't.","The novel withholds Heathcliff through Nelly and Lockwood. Film must show him directly. That structural choice is everything. Read first.","Book","The nested narrative structure—withholding and displacing—only works on the page.","68","137","TITLE_LONG(68)"