Top queries,Clicks,Impressions,CTR,Position
reminders of him book vs movie,1,11,9.09%,7.36
reminders of him differences between book and movie,1,10,10%,7.8
differences between reminders of him book and movie,1,5,20%,11
reminders of him movie and book differences,1,1,100%,7
differences in reminders of him book and movie,0,5,0%,7.2
reminders of him movie vs book differences,0,5,0%,8.2
difference between reminders of him book and movie,0,5,0%,10.2
reminders of him movie compared to book,0,3,0%,10.33
reminders of him book and movie differences,0,2,0%,8
reminders of him differences,0,2,0%,9.5
the firm book vs movie,0,2,0%,9.5
project hail mary movie or book first,0,2,0%,20.5
ready player one book awards,0,2,0%,31
bolivar lonesome dove,0,2,0%,32.5
project hail mary book or movie,0,2,0%,36.5
what is lonesome dove about,0,2,0%,48
reminders of him book differences,0,1,0%,3
lonesome dove book vs miniseries,0,1,0%,5
"""queen latifah"" ""praised"" ""debut novel""",0,1,0%,6
reminders of him movie differences,0,1,0%,7
reminders of him book vs movie differences,0,1,0%,8
"""queen latifah"" ""debut novel"" praise",0,1,0%,9
differences between book and movie reminders of him,0,1,0%,9
reminders of him movie vs book,0,1,0%,9
animal farm movie vs book,0,1,0%,12
never let me go book vs movie,0,1,0%,12
never let me go movie vs book,0,1,0%,12
the devil wears prada book vs movie,0,1,0%,12
is the animal farm movie like the book,0,1,0%,18
american psycho book vs movie,0,1,0%,19
american gods book series,0,1,0%,21
american gods book vs show,0,1,0%,21
project hail mary book or movie first,0,1,0%,21
annihilation book vs movie,0,1,0%,23
pachinko show vs book,0,1,0%,25
ready player one movie vs book,0,1,0%,25
american gods books in order,0,1,0%,26
gone girl book vs movie,0,1,0%,26
difference between misery book and movie,0,1,0%,27
enders game book vs movie,0,1,0%,27
project hail mary book better than movie,0,1,0%,27
dune movies vs books,0,1,0%,28
gone girl movie vs book,0,1,0%,28
project hail mary book vs film,0,1,0%,28
stephen king shawshank book,0,1,0%,28
the shining movie vs book,0,1,0%,28
is project hail mary book better than movie,0,1,0%,30
project hail mary film vs book,0,1,0%,32
wuthering heights book vs movie,0,1,0%,34
it movie vs book,0,1,0%,36
poppy wright,0,1,0%,38
the great gatsby movie book,0,1,0%,38
poppy and alex,0,1,0%,40
the lonesome dove series,0,1,0%,42
frankenstein movie vs book,0,1,0%,44
remarkably bright creatures tv show,0,1,0%,46
larry mcmurtry books made into movies,0,1,0%,47
frankenstein movie and book differences,0,1,0%,48
wild 2014 book,0,1,0%,53
margo's got money troubles wikipedia,0,1,0%,54
fight club book vs movie,0,1,0%,62
fight club movie vs book,0,1,0%,65
lonesome dove movie series in order,0,1,0%,65
big fish daffodils,0,1,0%,68
pride and prejudice yearning,0,1,0%,71
pride and prejudice movie darcy,0,1,0%,88