filename,slug,pageTitle,metaDesc,oneLineReason,verdict,lastUpdated
a-beautiful-mind.html,a-beautiful-mind,A Beautiful Mind: Book vs Movie – Which Tells Nash's Real Story?,Nasar's biography reveals Nash's full brilliance and cruelty across decades. Howard's film captures what it feels like to lose your grip on reality. Compare both versions.,Nasar owns Nash's complete truth; Howard owns the terror of madness.,Too Close to Call,2026-04-11
a-knight-of-the-seven-kingdoms.html,a-knight-of-the-seven-kingdoms,A Knight of the Seven Kingdoms: Book vs HBO Series Comparison,Martin's three novellas gave Westeros its heart. HBO's series gave it scale and unforgettable faces. Discover which version to experience first.,Martin's warmth on the page vs HBO's fully realized Westeros.,Too Close to Call,2026-04-11
a-little-life.html,a-little-life,A Little Life: Why the Book Devastates Where the Movie Rushes,Yanagihara's 700-page accumulation of trauma can't compress into two hours. Van Hove's film rushes what only works through slow devastation. Read the book.,700 pages of accumulated trauma cannot survive film compression.,Book Wins,2026-04-11
a-man-called-ove.html,a-man-called-ove,A Man Called Ove: Book vs Movie – Why Ove's Voice Matters,"Hannes Holm captures the warmth but misses Ove's caustic brilliance. Without his inner voice, he's just another curmudgeon. Read Backman's book first.",Ove's caustic internal monologue exists only in Backman's prose.,Book Wins,2026-04-11
a-walk-to-remember.html,a-walk-to-remember,A Walk to Remember: Book vs Movie – Which Ending Earns Your Tears?,Sparks's 1950s setting and retrospective narration make the loss feel earned. The 2002 film is easier to cry at but harder to believe.,Retrospective voice and period setting earn emotional weight the film lacks.,Book Wins,2026-04-11
about-a-boy.html,about-a-boy,About a Boy: Book vs Movie – Hornby's Marcus vs Grant's Will,Hornby gets inside Marcus's strange head in ways film can't. Hugh Grant gives Will a face the novel never quite managed. Both versions are essential.,Hornby owns Marcus's strangeness; Grant owns Will's weaponized charm.,Too Close to Call,2026-04-11
all-quiet-on-the-western-front.html,all-quiet-on-the-western-front,All Quiet on the Western Front: Book vs Movie – Remarque vs Berger,Remarque wrote from the trenches in first person. Berger made the first honest German-language war film. Both are irreplaceable. Which to experience first?,Remarque's first-person voice vs Berger's German perspective and armistice framing.,Too Close to Call,2026-04-11
all-the-light-we-cannot-see.html,all-the-light-we-cannot-see,All the Light We Cannot See: Why the Book's Prose Outshines Netflix,Doerr's prose turns Marie-Laure's blindness into heightened perception. Netflix captured the plot but can't replicate how the novel makes you see. Read first.,Doerr renders blindness as heightened perception; cameras cannot.,Book Wins,2026-04-11
along-came-a-spider.html,along-came-a-spider,Along Came a Spider: Book vs Movie – Why Jezzie's Betrayal Only Works on the Page,Patterson's Jezzie twist devastates. The film turns her into a generic corrupt cop and erases Soneji's fractured psychology. Read the thriller first.,Jezzie's betrayal and Soneji's fractured mind exist only on the page.,Book Wins,2026-04-11
american-gods.html,american-gods,American Gods: Book vs Series – Why the Show Failed Where Gaiman Succeeded,"Fuller's first season is visually stunning, then the show collapsed. Gaiman's novel actually finishes its mystery. Read the book that has an ending.",The novel completes its mystery; the cancelled series doesn't.,Book Wins,2026-04-11
american-psycho.html,american-psycho,American Psycho: Book vs Movie – Ellis's Unfilmable Violence vs Harron's Satire,Ellis's graphic violence and unreliable narration can't survive adaptation. Harron made a sharp satire instead. Read Ellis first—it's still radical.,Ellis's unreliable narrator and graphic horror exist only on the page.,Book Wins,2026-04-11
animal-farm.html,animal-farm,Animal Farm: Book vs Movie – Why Orwell's 80 Pages Are Perfect,Orwell's novella is surgical precision. Serkis's film is beautiful but every added scene dilutes what Orwell kept deliberately spare. Read the book.,Orwell's 80-page economy cannot be expanded without loss.,Book Wins,2026-04-11
annihilation.html,annihilation,Annihilation: Book vs Movie – VanderMeer's Nameless Narrator vs Garland's Vision,Garland made one of the most beautiful sci-fi films in years. He still can't replicate VanderMeer's unnamed biologist. Read the book first.,The biologist's unnamed first-person voice cannot be filmed.,Book Wins,2026-04-11
arrival.html,arrival,Arrival: Story of Your Life Book vs Movie – Pure Intellect vs Added Heart,Chiang's novella is pure intellectual rigor. Villeneuve's film adds emotional depth without betraying the source. Both are masterpieces. Start with either.,Novella's intellect vs film's heart—both irreplaceable.,Too Close to Call,2026-04-15
atonement.html,atonement,Atonement: Book vs Movie – Why Briony's Confession Only Works on the Page,Wright made one of the most beautiful films of the 2000s. McEwan's metafictional ending still can't be filmed. Read the book first.,The metafictional revelation only works in prose.,Book Wins,2026-04-11
band-of-brothers.html,band-of-brothers,Band of Brothers: Book vs Series – History vs the Finest Combat TV Ever Made,Ambrose's book is essential history. HBO's series is the finest combat television ever made. You need both. Either order works perfectly.,Ambrose owns the historical record; HBO owns visceral combat experience.,Too Close to Call,2026-04-11
beloved.html,beloved,Beloved: Book vs Movie – Morrison's Fragmented Trauma vs Demme's Linear Story,Morrison's nonlinear structure enacts trauma itself. Demme's film proceeds chronologically and loses the novel's formal power. Read the book first.,Morrison's fragmented prose enacts trauma; film must be linear.,Book Wins,2026-04-11
big-fish.html,big-fish,Big Fish: Book vs Movie – Wallace's Spare Melancholy vs Burton's Visual Magic,Wallace wrote spare melancholy with meaningful gaps. Burton made visual extravagance with daffodils. Each owns something the other can't touch.,Wallace's gaps vs Burton's daffodils—each irreplaceable.,Too Close to Call,2026-04-11
big-little-lies-hbo.html,big-little-lies-hbo,Big Little Lies: Book vs HBO Series – Moriarty's Wit vs Kidman's Devastation,Moriarty's novel is funnier. Vallée's series is more devastating. Both versions earn their shocking ending in different ways.,Moriarty's comic voice vs Kidman's wrecked performance.,Too Close to Call,2026-04-11
blade-runner.html,blade-runner,Blade Runner vs Do Androids Dream of Electric Sheep: Film Deepens Book's Philosophy,Philip K. Dick's novel asks what makes us human. Scott's film answers with visual poetry that deepens the philosophy. Watch the masterpiece first.,Scott's vision deepens Dick's philosophy with pure cinema.,Film Wins,2026-04-15
breakfast-at-tiffanys.html,breakfast-at-tiffanys,Breakfast at Tiffany's: Book vs Movie – Capote's Vanished Holly vs Hepburn's Icon,Capote's novella ends with Holly vanished and unknowable. The film ends with a kiss in the rain. Both choices are perfect for what they are.,Capote's ambiguous ending vs Hepburn's transcendent icon.,Too Close to Call,2026-04-11
bridgerton.html,bridgerton,Bridgerton: The Duke and I Book vs Netflix Series – Which Romance Wins?,The show is gorgeous spectacle. Quinn keeps you inside Daphne and Simon's emotional negotiation in ways the series can't match. Read the book.,Quinn's tighter focus on intimacy outweighs Netflix's spectacle.,Book Wins,2026-04-11
brooklyn.html,brooklyn,Brooklyn: Book vs Movie – What Eilis Doesn't Say Is Everything,Ronan's performance is luminous. Tóibín's power lives in the silence between feeling and speech—something no actor can show. Read the book first.,Tóibín's restraint—the gap between feeling and speech—can't be filmed.,Book Wins,2026-04-11
catch-22.html,catch-22,Catch-22: Book vs Movie – Why Heller's Circular Structure Is the Point,Heller's novel loops back on itself until war's logic collapses. Nichols's film gives you scenes without the trap. Read the book first.,The novel's circular structure is the formal argument itself.,Book Wins,2026-04-11
catch-me-if-you-can.html,catch-me-if-you-can,Catch Me If You Can: Book vs Movie – Crime Mechanics vs Father-Son Story,Abagnale's memoir shows you how the cons worked. Spielberg's film gives Frank a father worth chasing. Both are essential for different reasons.,Book teaches fraud; film owns the emotional father-son story.,Too Close to Call,2026-04-11
cold-mountain.html,cold-mountain,Cold Mountain: Book vs Movie – Why Frazier's Sentences Walk Home,Frazier's long rolling sentences enact Inman's walk home. Minghella's film can only photograph the journey. Read the book first.,Frazier's prose rhythm—long sentences mimicking the walk—is inseparable from meaning.,Book Wins,2026-04-11
contact.html,contact,Contact: Book vs Movie – Sagan's Pi Ending vs Foster's Face,"Sagan's novel ends with mathematical proof of God. Zemeckis's film ends with Jodie Foster's transcendent face. Both are essential. Read first, then watch.",Sagan's pi revelation vs Foster's performance—both transcendent.,Too Close to Call,2026-04-11
da-vinci-code.html,da-vinci-code,The Da Vinci Code: Book vs Movie – Why Brown's Cliffhangers Make It Unputdownable,Howard made a handsome film. Brown made a thriller you physically cannot stop reading. The book is an experience the movie just describes.,Brown's chapter cliffhangers create momentum film cannot replicate.,Book Wins,2026-04-11
daisy-jones-and-the-six.html,daisy-jones-and-the-six,Daisy Jones & The Six: Book vs Series – Why the Oral History Format Matters,Reid's contradictory testimonies create truth. The series just dramatizes it. The oral history format only works on the page. Read the book first.,Oral history format—truth from contradictions—only works in prose.,Book Wins,2026-04-11
dark-matter.html,dark-matter,Dark Matter: Book vs Series – Crouch's Velocity vs Edgerton's Dual Performance,Crouch's novel is propulsive in ways TV can't be. Edgerton does things with Jason's split that prose can't. Both are essential thrillers.,Novel's velocity vs Edgerton's dual performance—each irreplaceable.,Too Close to Call,2026-04-11
devil-wears-prada.html,devil-wears-prada,The Devil Wears Prada: Book vs Movie – Why Andy's Moral Compromise Matters,Weisberger wrote a protagonist who sells out and knows it. The film made her sympathetic. That's the whole problem. Read the book first.,Weisberger's Andy is morally compromised; film softens her.,Book Wins,2026-04-11
divergent.html,divergent,Divergent: Book vs Movie – Tris's Doubt vs Woodley's Hero,Roth's novel gives you a narrator who doubts her own choices. The film gives you a hero who looks conflicted. Read the book first.,Tris's first-person moral ambivalence can't survive screenplay adaptation.,Book Wins,2026-04-11
doctor-sleep.html,doctor-sleep,Doctor Sleep: Book vs Movie – King's Recovery Arc vs Flanagan's Compression,McGregor nails Danny. King spends 500 pages inside an addict's mind in ways no film can match. The book earns what the film rushes.,King's recovery narrative exceeds what two hours can hold.,Book Wins,2026-04-11
dracula.html,dracula,Dracula: Book vs Movie – Stoker's Fragments vs Coppola's Romantic Monster,"Coppola's Dracula is gorgeous and everywhere. Stoker's is fragments, terror, absence. The novel is stranger and more frightening. Read it first.",Stoker's epistolary terror vs Coppola's romantic spectacle.,Book Wins,2026-04-11
dune.html,dune,Dune: Book vs Movie – Herbert's Villain vs Villeneuve's Hero,Herbert makes Paul's complicity explicit—he's the villain. Villeneuve's films leave it ambiguous. Read the book first or miss the entire point.,Herbert makes Paul a villain; Villeneuve makes him ambiguous.,Book Wins,2026-04-11
eat-pray-love.html,eat-pray-love,Eat Pray Love: Book vs Movie – Gilbert's Wit vs Roberts's Travelogue,Murphy made a beautiful travelogue. Gilbert wrote a memoir of intellectual rigor and self-awareness Roberts can't touch. Read the book first.,"Gilbert's witty, self-aware voice exists only on the page.",Book Wins,2026-04-11
enders-game-film.html,enders-game-film,Ender's Game: Book vs Movie – Card's Mind vs Hood's Spectacle,The Battle Room looks stunning. Card's novel lives inside Ender's weaponized mind—something no film can do. Read the book first.,The novel's sustained interiority cannot exist on screen.,Book Wins,2026-04-11
enders-game.html,enders-game,Ender's Game: Why Card's Strategy Beats Hood's Spectacle,Card's novel is about strategy and moral weight. Hood's film is about spectacle. A competent adaptation of an unfilmable book. Read first.,Card reveals Ender's mind; Hood only shows his victories.,Book Wins,2026-04-11
english-patient.html,english-patient,The English Patient: Book vs Movie – Minghella's Romance vs Ondaatje's Politics,The film won nine Oscars for its love story. The novel has Kip's rage at Hiroshima—the political reckoning Minghella cut. Read both.,Minghella perfects romance; Ondaatje owns political reckoning.,Too Close to Call,2026-04-11
everything-everything.html,everything-everything,"Everything, Everything: Book vs Movie – Why Yoon's Twist Devastates",Yoon's multimedia format makes you live inside Maddy's mind before the reveal shatters it. The film just shows you the plot. Read first.,Multimedia format and psychological depth make the twist devastate.,Book Wins,2026-04-11
feedback.html,feedback,Strategic Audit | BooksVersusMovies,"Help us improve BooksVersusMovies. Share your feedback on what's working, what's not, and what comparisons you want to see next.",,,
fight-club.html,fight-club,Fight Club: Book vs Movie – Palahniuk's Prose vs Fincher's Subliminal Frames,Palahniuk's rhythm lives in sentence fragments. Fincher's lives in frames you don't consciously see. Both are perfect for their medium. Either order works.,Palahniuk's staccato prose vs Fincher's subliminal editing.,Too Close to Call,2026-04-11
five-feet-apart.html,five-feet-apart,Five Feet Apart: Book vs Movie – Why Stella's Rules Mean Nothing Without Her Voice,Baldoni makes the distance romantic. Lippincott makes it survival. The internal spiral is what makes the rules matter. Read the book.,Stella's spiraling internal monologue reveals why rules matter.,Book Wins,2026-04-11
fourth-wing.html,fourth-wing,Fourth Wing: Book vs Series – Why Violet's Wit Lives in Her Head,"Yarros built Violet through internal voice: tactical thinking, self-awareness, razor wit. That's the hardest thing to adapt. Read the book first.",Violet's internal wit and tactical thinking exist only on the page.,Book Wins,2026-04-11
frankenstein.html,frankenstein,Frankenstein: Book vs Movie – The Creature's Voice vs Del Toro's Visuals,Del Toro made the most faithful adaptation in cinema history. It still can't give you the creature's philosophical voice. Read Shelley's book first.,The creature's philosophical arguments exist only on the page.,Book Wins,2026-04-11
geralds-game.html,geralds-game,Gerald's Game: Book vs Movie – Why Dissociation Only Works on the Page,King spends 332 pages inside Jessie's fracturing mind. Flanagan made a masterpiece—but dissociation only works in prose. Read the book first.,King's psychological excavation of dissociation cannot be externalized.,Book Wins,2026-04-11
ghost-world.html,ghost-world,Ghost World: Book vs Movie – When Casting Makes Characters Real,Zwigoff cast the film so perfectly that Enid and Seymour feel more alive on screen than in Clowes's comic. A rare case where actors deepen the source.,Zwigoff's casting and performances deepen what Clowes sketched.,Film Wins,2026-04-13
girl-on-the-train.html,girl-on-the-train,The Girl on the Train: Book vs Movie – Rachel's Spiral vs Blunt's Performance,Hawkins traps you inside an unreliable narrator's spiral. Taylor can only show you a drunk woman on a train. Read the thriller first.,Rachel's fractured first-person narration only works on the page.,Book Wins,2026-04-11
girl-with-the-dragon-tattoo.html,girl-with-the-dragon-tattoo,The Girl with the Dragon Tattoo: Book vs Movie – Larsson's Sweden vs Fincher's Thriller,Mara's performance is stunning. Larsson gives you Lisbeth's interior world and Sweden's institutional rot in ways Fincher can't. Read first.,Larsson's institutional critique and Lisbeth's mind exist only on page.,Book Wins,2026-04-11
gone-girl.html,gone-girl,Gone Girl: Book vs Movie – Pike's Face vs Flynn's Amazing Amy,Fincher's film gives you Rosamund Pike's unforgettable face. Flynn's novel gives you Amazing Amy's architecture. Both manipulate you brilliantly.,Pike's face owns the screen; Flynn's Amy owns the page.,Too Close to Call,2026-04-11
good-omens.html,good-omens,Good Omens: Book vs Series – Pratchett's Footnotes vs Sheen and Tennant,"The novel's wit lives in the margins and footnotes. The series lives in two performances you can't replicate on the page. Read first, then watch.",Novel's footnotes vs Sheen and Tennant's chemistry.,Too Close to Call,2026-04-11
hamnet.html,hamnet,Hamnet: Book vs Movie – Why 300 Pages Inside Agnes's Grief Matters,O'Farrell makes you live inside grief for 300 pages. Zhao can only show you its face. The novel's intimacy makes the loss unbearable. Read first.,Only prose can sustain 300 pages inside Agnes's consciousness.,Book Wins,2026-04-11
hannibal-series.html,hannibal-series,Hannibal: Books vs Series – Harris's Monster vs Fuller's Visual Poetry,Harris's novels are essential thrillers. Fuller's series is formally extraordinary television. Both irreplaceable—neither a substitute. Read Harris first.,Harris's plotting vs Fuller's visual language—both essential.,Book Wins,2026-04-11
heated-rivalry.html,heated-rivalry,Heated Rivalry: Book vs Series – Reid's Longing vs Tierney's Compression,Reid's novel gives you Ilya's silence and longing. The show gives you the glances that break it. Both versions are essential for different reasons.,Reid's interior voice vs Tierney's visual compression.,Too Close to Call,2026-04-11
high-fidelity.html,high-fidelity,High Fidelity: Book vs Movie – Hornby's Lists vs Cusack's Monologues,Hornby wrote a man who hides behind music. Cusack plays him as someone who can't hide. Both versions work perfectly. Start with either.,Hornby's interior prose vs Cusack's direct-address monologues.,Too Close to Call,2026-04-11
hillbilly-elegy.html,hillbilly-elegy,Hillbilly Elegy: Book vs Movie – Sociology vs Melodrama,Vance's book is sociology disguised as memoir. Howard's film is melodrama disguised as empathy. Read the book first or miss the entire point.,The memoir's sociological analysis vanishes entirely from the film.,Book Wins,2026-04-11
hitchhikers-guide.html,hitchhikers-guide,The Hitchhiker's Guide to the Galaxy: Book vs Movie – Why Adams's Voice Is the Joke,Adams wrote a novel where the narrator is funnier than the plot. Jennings cast it well and missed the point entirely. Read the book first.,"Adams's narrative voice—asides, digressions, deadpan—is the joke itself.",Book Wins,2026-04-11
howls-moving-castle.html,howls-moving-castle,Howl's Moving Castle: Book vs Movie – Jones's Magic vs Miyazaki's Feeling,Jones's Sophie breaks curses without knowing it. Miyazaki's breaks them by feeling everything. Both are essential. Read the book first.,Jones's unknowing magic vs Miyazaki's transformative feeling.,Too Close to Call,2026-04-11
hunger-games-sunrise.html,hunger-games-sunrise,Hunger Games: Book vs Movie – Collins's Propaganda vs Fiennes's Snow,Collins's book gives you the ideology behind the Games. The film gives you the man who built them. Both are essential—in different ways.,Collins's propaganda argument vs Fiennes's Snow performance.,Too Close to Call,2026-04-11
i-am-legend.html,i-am-legend,I Am Legend: Book vs Movie – Matheson's Ending Changes Everything,"Matheson's novella ending redefines Neville as monster, not hero. The film inverts this completely. Read the book for the real story.",The novella's ending inverts hero to monster; film reverses it.,Book Wins,2026-04-11
i-robot.html,i-robot,"I, Robot: Book vs Movie – Asimov's Puzzles vs Will Smith's Explosions",Asimov's Three Laws are the foundation of sci-fi ethics. Proyas uses them as window dressing for explosions. Read the book.,Asimov's philosophical puzzles become plot furniture in film.,Book Wins,2026-04-11
interview-with-the-vampire-amcplus.html,interview-with-the-vampire-amcplus,Interview with the Vampire: Book vs AMC Series – Rice's Baroque Prose vs Bold TV,AMC's series is bold and brilliant. It still can't give you what Rice does with language alone. Read the gothic masterpiece first.,Rice's baroque prose cannot be replicated on screen.,Book Wins,2026-04-11
into-the-wild.html,into-the-wild,Into the Wild: Book vs Movie – Context vs Beautiful Death,"Krakauer gives you Everett Ruess, Gene Rosellini, the context that explains Chris. Penn gives you a beautiful death. Read the book first.",Krakauer's parallel stories provide context Penn's film omits.,Book Wins,2026-04-11
it-ends-with-us.html,it-ends-with-us,It Ends With Us: Book vs Movie – Why Lily's Rationalizations Matter,Hoover makes you understand the rationalizations that keep Lily trapped. Baldoni only shows the violence. Read the book first.,Lily's interior rationalizations of abuse exist only in Hoover's prose.,Book Wins,2026-04-11
it-muschietti.html,it-muschietti,It: Book vs Movie – King's Cosmic Horror vs Muschietti's Scares,Muschietti made the best King adaptation in years. He still can't touch the novel's dual timeline or what It actually is. Read the book first.,King's dual timeline and cosmic mythology exist only on the page.,Book Wins,2026-04-11
jane-eyre.html,jane-eyre,"Jane Eyre: Book vs Movie – Why 'Reader, I Married Him' Can't Be Filmed",Fukunaga made the finest adaptation yet. It's still considerably less than Brontë's novel. Jane's direct address to you is its own world.,Jane's direct address to the reader exists only on the page.,Book Wins,2026-04-11
jaws.html,jaws,Jaws: Book vs Movie – When Spielberg's Restraint Beats Benchley's Pulp,Spielberg made Benchley's B-movie premise mythic through restraint. The film transcends the novel's pulp completely. Either order works.,Spielberg's restraint transcends Benchley's overwritten pulp.,Film Wins,2026-04-15
jurassic-park.html,jurassic-park,Jurassic Park: Book vs Movie – Crichton's Warning vs Spielberg's Wonder,Spielberg made cinema magic. Crichton wrote a warning about hubris that the film turned into a theme park ride. Read the book first.,Crichton's chaos theory argument vs Spielberg's dinosaur spectacle.,Book Wins,2026-04-11
kite-runner.html,kite-runner,The Kite Runner: Book vs Movie – Living Inside Amir's Shame,Hosseini makes you live inside Amir's shame for 400 pages. Forster's film is sincere but can't replicate that suffocation. Read first.,Only the novel traps you inside Amir's guilty conscience.,Book Wins,2026-04-11
la-confidential.html,la-confidential,LA Confidential: Book vs Movie – Ellroy's Staccato vs Hanson's Compression,One of the great American crime novels. One of the great American crime films. Different achievements at different scales. Read both.,Ellroy's staccato prose vs Hanson's visual compression.,Too Close to Call,2026-04-11
lady-chatterleys-lover.html,lady-chatterleys-lover,Lady Chatterley's Lover: Book vs Movie – When Film Deepens the Novel,Corrin and O'Connell's adaptation deepens Lawrence's sexual politics beyond the novel's reach. A rare case where the film improves the source.,Film deepens Lawrence's sexual politics beyond novel's reach.,Film Wins,2026-04-15
les-miserables.html,les-miserables,Les Misérables: Book vs Movie – Hugo's Philosophy vs Hooper's Spectacle,The musical is magnificent spectacle. It still can't give you the moral crisis inside Valjean's head. Read Hugo's masterpiece first.,Hugo's philosophical digressions and Valjean's crises cannot be sung.,Book Wins,2026-04-11
little-women.html,little-women,Little Women: Book vs Movie – Alcott's Moral Voice vs Gerwig's Structure,Alcott wrote the great American novel of female ambition. Gerwig made it formally inventive. Both are essential. Read and watch in either order.,Alcott's moral voice vs Gerwig's non-linear structure.,Too Close to Call,2026-04-11
lonesome-dove.html,lonesome-dove,Lonesome Dove: Book vs Miniseries – McMurtry's Silence vs Duvall's Face,McMurtry gives you decades of silence between Call and Gus. The miniseries gives you their unforgettable faces. Read the book first—then watch them ride.,McMurtry's interior monologues give depths Duvall and Jones can't fully capture.,Book Wins,2026-04-11
looking-for-alaska.html,looking-for-alaska,Looking for Alaska: Book vs Series – Trapped Inside Pudge's Grief,Green's first-person spiral makes Alaska's death unbearable in ways the series can't touch. You need to feel it from inside Pudge's head.,First-person narration traps you inside grief; series watches from outside.,Book Wins,2026-04-11
lord-of-the-flies.html,lord-of-the-flies,Lord of the Flies: Book vs Movie – Golding's Irony vs Brook's Raw Honesty,Golding's ironic voice implicates the reader in the horror. Brook's film is raw and sincere but can't argue what Golding argues. Read first.,Golding's ironic narrative implicates readers; film presents without frame.,Book Wins,2026-04-11
love-simon.html,love-simon,"Love, Simon: Book vs Movie – Simon's Anxiety vs Rom-Com Smoothness","Albertalli's Simon is anxious, messy, self-sabotaging. Berlanti's is a rom-com lead. The neuroses are what make the coming-out story work.",Albertalli's first-person neuroses; film smooths them away.,Book Wins,2026-04-11
margos-got-money-troubles.html,margos-got-money-troubles,Margo's Got Money Troubles: Book vs Series – Thorpe's Voice Is Untranslatable,Walsh cast it perfectly and the series is excellent. But Thorpe's first-person wit lives only on the page. Read the book first.,"Thorpe's witty, precise first-person voice is the novel's defining asset.",Book Wins,2026-04-11
me-before-you.html,me-before-you,Me Before You: Book vs Movie – Will's Voice vs Clarke's Exterior,Moyes gives you Will's reasoning in his own voice. Clarke can only show his exterior. The novel earns what the film can't. Read first.,Will's alternating chapters give you his reasoning; film shows only exterior.,Book Wins,2026-04-11
mickey-17.html,mickey-17,Mickey 17: Book vs Movie – Ashton's Dread vs Bong's Resolution,Bong Joon-ho made a stunning film. It still can't hold the existential terror Ashton sustains in Mickey's head. Read the book first.,Ashton's internal dread vs Bong's resolved ending.,Book Wins,2026-04-11
misery.html,misery,Misery: Book vs Movie – King's Axe vs Bates's Face,King's novel has Paul's terror and the full horror of the hobbling. Reiner's film has Kathy Bates. One of the rare ties where both are essential.,King's interior monologue vs Bates's Oscar-winning performance.,Too Close to Call,2026-04-11
my-brilliant-friend.html,my-brilliant-friend,My Brilliant Friend: Book vs HBO Series – Elena's Jealousy Matters,Costanzo's series is beautiful. But Ferrante's unreliable narrator is the story—and HBO can't show what Elena won't admit she feels.,"Elena's jealous, unreliable narration exists only on the page.",Book Wins,2026-04-11
my-sisters-keeper.html,my-sisters-keeper,My Sister's Keeper: Book vs Movie – Seven Voices vs One Voiceover,Picoult gives every family member a chapter. Cassavetes gives Cameron Diaz a voiceover. The moral weight disappears. Read the book first.,Seven narrators create complexity one voiceover cannot replicate.,Book Wins,2026-04-11
narnia-magicians-nephew.html,narnia-magicians-nephew,The Magician's Nephew: Book vs Movie – Aslan's Song Can't Survive Soundtracks,"Lewis made you hear creation in silence. Gerwig will give you a soundtrack. The book's magic lives in what you imagine, not what you see.",Lewis's creation song only works when you imagine it yourself.,Book Wins,2026-04-11
never-let-me-go.html,never-let-me-go,Never Let Me Go: Book vs Movie – Kathy's Digressions Are Everything,"Ishiguro's digressions enact memory, denial, grief. Romanek's film is faithful and heartbreaking. It still isn't the book. Read first.",Kathy's digressive narration—the novel's formal achievement—can't be filmed.,Book Wins,2026-04-11
no-country-for-old-men.html,no-country-for-old-men,No Country for Old Men: Book vs Movie – When the Coens Match McCarthy,The Coens' restraint matches McCarthy's brutality perfectly. Either order works—both are devastating masterpieces of their medium.,"Film and book equally devastating, same vision, different mediums.",Too Close to Call,2026-04-15
normal-people.html,normal-people,Normal People: Book vs Series – Rooney's Silence vs Mescal's Face,Rooney's novel gives you what Connell can't say. The series gives you what he can't hide. Both are essential. Start with either.,Rooney's free indirect style vs Mescal and Edgar-Jones on screen.,Too Close to Call,2026-04-11
norwegian-wood.html,norwegian-wood,Norwegian Wood: Book vs Movie – Murakami's Introspection vs Hung's Visuals,Murakami's introspective grief meets Hung's lush cinematography. Either order works—the film honors mood over plot beautifully.,"Book's depth vs film's visual poetry—different mediums, equal power.",Too Close to Call,2026-04-15
of-mice-and-men.html,of-mice-and-men,Of Mice and Men: Book vs Movie – Steinbeck's Refrain vs Malkovich's Eyes,Steinbeck's novella builds through repetition. Sinise's film builds through Malkovich's heartbreaking face. Both versions devastate. Either order works.,Steinbeck's repeated phrases vs Malkovich's eyes.,Too Close to Call,2026-04-11
olive-kitteridge.html,olive-kitteridge,Olive Kitteridge: Book vs HBO Series – Haunting the Edges vs Center Stage,Strout's book lets Olive haunt the edges of other people's stories. HBO's miniseries makes her the star of every scene. Read the novel first.,Novel's fragmented structure reveals Olive obliquely; miniseries centers her.,Book Wins,2026-04-11
on-the-road.html,on-the-road,On the Road: Book vs Movie – The Novel Is the Trip,Salles made a beautiful film. It still can't do what Kerouac does in the sentences. The road is the prose itself. Read the book first.,Kerouac's spontaneous prose style is the experience; images can't replace it.,Book Wins,2026-04-11
one-day.html,one-day,One Day: Book vs Movie – Why Twenty Years in Two Hours Loses Everything,Nicholls's annual snapshots accumulate meaning the 2011 film can't replicate. The structure is the story itself. Read the book first.,Annual structure accumulates weight two-hour compression cannot replicate.,Book Wins,2026-04-11
one-flew-over-the-cuckoos-nest.html,one-flew-over-the-cuckoos-nest,One Flew Over the Cuckoo's Nest: Book vs Movie – Bromden's Hallucination vs Nicholson's Rebellion,Kesey's novel is Bromden's hallucination. Forman's film is Nicholson's rebellion. Both are masterpieces. Read the book first—the Chief deserves it.,Bromden's hallucinatory narration vs Nicholson's performance.,Too Close to Call,2026-04-11
outlander.html,outlander,Outlander: Book vs Series – You Never Hear Claire Think on Screen,Balfe is perfect casting. But Gabaldon's first-person narration gives you Claire's mind in ways the series can't match. Read the book first.,Claire's first-person voice and interior monologue exist only on page.,Book Wins,2026-04-11
pachinko.html,pachinko,Pachinko: Book vs Apple TV+ Series – Four Generations vs Beautiful Adaptation,Apple TV+ made a beautiful adaptation. It still can't replicate the four-generation scope that makes Noa's fate devastating. Read the book first.,Novel's four-generation scope and Noa's arc are irreplaceable.,Book Wins,2026-04-11
people-we-meet-on-vacation.html,people-we-meet-on-vacation,People We Meet on Vacation: Book vs Movie – Ten Years in Poppy's Voice,Henry earns every moment of that final payoff through a decade of accumulation. Haley's film rushes what the book lets you feel. Read first.,Henry's first-person voice and ten-year accumulation earn the payoff.,Book Wins,2026-04-11
perks-of-being-a-wallflower.html,perks-of-being-a-wallflower,The Perks of Being a Wallflower: Book vs Movie – Charlie's Letters vs Miller's Patrick,Chbosky's novel gives you Charlie's epistolary voice. His film gives you Ezra Miller and 'Landslide' at 60mph. Both are essential.,Novel owns Charlie's letters; film owns Miller's Patrick and the tunnel.,Too Close to Call,2026-04-11
pet-sematary-2019.html,pet-sematary-2019,Pet Sematary: Book vs 2019 Movie – Louis Creed's Descent Into Madness,The 2019 film is atmospheric and competent. It still can't show you a father's mind collapsing into monstrosity. Read King's book first.,Louis's interior descent into catastrophe only exists on the page.,Book Wins,2026-04-11
presumed-innocent.html,presumed-innocent,Presumed Innocent: Book vs Series – Turow's Legal Precision vs Handsome TV,The series is confident and handsome. It still can't replicate Turow's first-person legal precision. Read the book that invented the genre first.,Turow's first-person legal precision is irreplaceable on the page.,Book Wins,2026-04-11
pride-and-prejudice.html,pride-and-prejudice,Pride and Prejudice: Book vs Movie – Austen's Irony Dies on Screen,Wright made a beautiful film. Macfadyen's Darcy is perfect. But Elizabeth's interior voice—the thing that makes the novel great—can't survive on screen.,Austen's ironic voice and Elizabeth's interior observations exist only on page.,Book Wins,2026-04-11
project-hail-mary.html,project-hail-mary,Project Hail Mary: Book vs Movie – Solving Problems vs Watching Answers,Grace's internal monologue is the book's engine—you work through the science with him. The film can only show you the answers. Read first.,"Grace's internal monologue lets you solve alongside him, not just watch.",Book Wins,2026-04-11
ready-player-one.html,ready-player-one,Ready Player One: Book vs Movie – Cline's Puzzles vs Spielberg's Spectacle,Cline's novel makes you earn every gate with obscure trivia. Spielberg's film gives you spectacle without the work. Read the book first—it's a different game.,Cline's puzzle box rewards knowledge; Spielberg replaces it with spectacle.,Book Wins,2026-04-11
rebecca.html,rebecca,Rebecca: Book vs Movie – Hitchcock Changed the Murder,"The Production Code forced Hitchcock to rewrite Maxim's crime. Du Maurier's version is darker, truer, and the reason the book still unsettles.",The narrator's unnamed identity and Maxim's actual murder exist only on page.,Book Wins,2026-04-11
remains-of-the-day.html,remains-of-the-day,The Remains of the Day: Book vs Movie – What Stevens Won't Say,Ivory made one of the great literary adaptations. It's still lesser than Ishiguro's novel. The meaning lives in what Stevens refuses to say.,Stevens's unreliable narration—his refusal to acknowledge—can't be filmed.,Book Wins,2026-04-11
remarkably-bright-creatures.html,remarkably-bright-creatures,Remarkably Bright Creatures: Book vs Movie – Without Marcellus's Voice,"Van Pelt's octopus narrator is what makes the book transcendent. Newman's film will have Sally Field, but it can't have Marcellus's mind.",Marcellus's alien first-person narration exists only in prose.,Book Wins,2026-04-11
reminders-of-him.html,reminders-of-him,Reminders of Him: Book vs Movie – Kenna's Letters Lose Everything on Screen,"Monroe is perfectly cast, but Hoover's dual perspective and the letters that anchor the novel's grief can't survive adaptation. Read first.",Hoover's dual perspective and Kenna's letters carry weight film can't replicate.,Book Wins,2026-04-11
room.html,room,Room: Book vs Movie – Jack's Voice vs Larson and Tremblay,Donoghue's narration is irreplaceable. Larson and Tremblay are unrepeatable. Both versions are essential for different reasons. Start with either.,Jack's five-year-old narration vs Larson and Tremblay on screen.,Too Close to Call,2026-04-11
roots-2016.html,roots-2016,Roots: Book vs 2016 Miniseries – Haley's Generational Weight,"The 2016 adaptation is powerful, but Haley's internal monologues—the generational weight that builds across centuries—exist only on the page.",Haley's internal monologues and generational accumulation exist only on page.,Book Wins,2026-04-11
rosemarys-baby.html,rosemarys-baby,Rosemary's Baby: Book vs Movie – Levin's Doubt vs Farrow's Paranoia,Levin's first-person ambiguity can't be filmed. Polanski's suffocating visuals can't be written. Both are essential horror. Read first.,Levin's first-person ambiguity vs Farrow and Gordon on screen.,Too Close to Call,2026-04-11
schindlers-list.html,schindlers-list,Schindler's List: Book vs Movie – When Spielberg Transcends the Source,"Spielberg made one of cinema's rare transcendent adaptations. Keneally's history is essential, but the film is the masterpiece. Watch first.",Spielberg's cinematography and the red coat achieve what prose cannot.,Film Wins,2026-04-11
seabiscuit.html,seabiscuit,Seabiscuit: Book vs Movie – Pollard Was Blind and the Film Barely Mentions It,Hillenbrand builds her story on Pollard's blindness and Smith's frontier code. Ross's film turns both into background details. Read first.,Hillenbrand reveals Pollard's blindness and Smith's philosophy; film reduces both.,Book Wins,2026-04-11
sense-and-sensibility.html,sense-and-sensibility,Sense and Sensibility: Book vs Movie – Austen's Irony vs Thompson's Warmth,Thompson's script is brilliant. Lee's direction is warm. Neither can replicate Austen's formal intelligence. Read the book first.,Austen's ironic distance exceeds the film's warmer emotional approach.,Book Wins,2026-04-11
shadow-and-bone.html,shadow-and-bone,Shadow and Bone: Book vs Netflix Series – Alina Gets Lost in the Ensemble,The series adds Kaz and the Crows successfully—but you lose the one thing that made Bardugo's original worth reading. Start with the book.,Novel's focused intimacy with Alina outweighs series' ensemble gains.,Book Wins,2026-04-11
sharp-objects.html,sharp-objects,Sharp Objects: Book vs HBO Series – Inside Camille's Head vs Adams's Surface,Vallée's series is gorgeous and Adams is perfect. But Flynn's suffocating first-person narration does what no camera can. Read the book first.,Flynn's first-person narration captures interior; Vallée shows only surface.,Book Wins,2026-04-11
shawshank-redemption.html,shawshank-redemption,The Shawshank Redemption: Book vs Movie – When Darabont Perfects King,"King's novella is great, but Darabont's film is a masterpiece. Either order works—the film loses nothing and gains everything.",Film distills King's hope into pure cinema without losing soul.,Film Wins,2026-04-15
shogun-2024.html,shogun-2024,Shogun: Book vs 2024 Series – Clavell's Immersion vs Japanese Perspective,The 2024 series gives Mariko and Toranaga what Clavell never could. The novel still wins on sheer depth. Read the book first.,Novel's thousand pages of immersion outweigh series' superior perspective.,Book Wins,2026-04-11
silence-of-the-lambs.html,silence-of-the-lambs,The Silence of the Lambs: Book vs Movie – Harris's Fear vs Demme's Stare,Harris gives you Clarice's fear from inside. Demme makes Lecter stare through you. Both are masterworks of suspense. Read and watch both.,Harris's interiority vs Demme's direct-address camera.,Too Close to Call,2026-04-11
sophies-choice.html,sophies-choice,Sophie's Choice: Book vs Movie – Styron's Layers vs Streep's Face,Styron's novel withholds the choice until you've earned it. Pakula's film gives you Streep's devastating face. Both devastate differently. Start with either.,Styron's nested revelations vs Streep's performance.,Too Close to Call,2026-04-11
sphere.html,sphere,Sphere: Book vs Movie – Trapped in Norman's Paranoid Mind,Crichton makes you feel Norman's paranoia from inside. Levinson's film can only show it from outside. Read the book first—the fear is structural.,"Norman's interior paranoia exists only in prose, not on screen.",Book Wins,2026-04-11
spotlight-dune.html,spotlight-dune,Dune: Book vs Movie – Which to Experience First | Complete Guide,"Compare Frank Herbert's Dune novel to Denis Villeneuve's films. Our complete guide covers the universe, what each version gets right, and which to experience first.",,,
spotlight-fight-club.html,spotlight-fight-club,Fight Club: Book vs Movie – Which Twist Lands Harder? | Complete Comparison,"Fight Club novel vs 1999 film: how Fincher's adaptation changes the narrator, the ending, and what makes each version distinct. Which to experience first?",,,
spotlight-gone-girl.html,spotlight-gone-girl,Gone Girl: Book vs Movie – Which Twist Lands Harder? | Complete Guide,Gone Girl book vs 2014 film: Fincher captures the unreliable narrators but loses the novel's psychological claustrophobia. Read or watch first?,,,
spotlight-lonesome-dove.html,spotlight-lonesome-dove,Lonesome Dove: Book vs 1989 Miniseries – Complete Universe Guide,"Larry McMurtry's epic Western novel vs the acclaimed 1989 miniseries. Complete breakdown of the books, adaptations, and how to experience this sprawling saga.",,,
spotlight-the-shining.html,spotlight-the-shining,The Shining: King's Novel vs Kubrick's Film – Which to Experience First?,"Stephen King's The Shining vs Stanley Kubrick's 1980 film. Compare the book and movie, learn what changed, and discover which to experience first.",,,
stardust.html,stardust,Stardust: Book vs Movie – Gaiman's Prose vs De Niro's Captain Shakespeare,Vaughn's film is warmer and funnier than Gaiman's novel. The Victorian elegance can't transfer but both versions earn their ending differently.,Gaiman's archaic prose vs De Niro and Pfeiffer on screen.,Too Close to Call,2026-04-11
station-eleven.html,station-eleven,Station Eleven: Book vs HBO Series – Mandel's Precision vs Somerville's Heart,Mandel's novel is a formal masterpiece. Somerville's series breaks your heart in ways the book can't. Both are essential. Read or watch first—either works.,Mandel's formal precision vs Somerville's emotional generosity.,Too Close to Call,2026-04-11
talented-mr-ripley.html,talented-mr-ripley,The Talented Mr. Ripley: Book vs Movie – Highsmith's Sociopath vs Minghella's Sympathy,Minghella made Tom comprehensible and sympathetic. Highsmith made him genuinely alien and unsettling. The film is gorgeous. The novel disturbs. Read first.,Highsmith's Tom is coldly alien; Minghella's is sympathetically wounded.,Book Wins,2026-04-11
the-book-thief.html,the-book-thief,The Book Thief: Book vs Movie – Death's Voice Changes Everything,Zusak's Death announces deaths pages before they happen—a formal choice that makes the novel devastating. Percival's film is beautiful but ordinary.,Death's narrative voice announces deaths before they happen—irreplaceable.,Book Wins,2026-04-11
the-client.html,the-client,The Client: Book vs Movie – Mark's Guilt vs Schumacher's Plucky Kid,Grisham's film gives you a plucky kid and tough lawyer. The book gives you a traumatized child who can't sleep. Read Grisham first.,Reggie's trauma and Mark's guilt exist only on the page.,Book Wins,2026-04-11
the-color-purple.html,the-color-purple,The Color Purple: Book vs Movie – Celie's Letters to God Can't Be Filmed,Walker's vernacular epistolary voice is the novel's soul. Spielberg gives you Goldberg's powerful face. Both matter. The book matters more.,Celie's epistolary voice—her vernacular letters to God—cannot be filmed.,Book Wins,2026-04-11
the-count-of-monte-cristo.html,the-count-of-monte-cristo,"The Count of Monte Cristo: Book vs Movie – 1,200 Pages of Revenge vs Sword Fights","Dumas spent 1,200 pages weaving revenge schemes that echo across Paris. The film gives you three targets and a sword fight. Read first.",Dumas's interconnected revenge rewards patience; film collapses into spectacle.,Book Wins,2026-04-11
the-electric-state.html,the-electric-state,The Electric State: Book vs Movie – Stålenhag's Paintings Demand Silence,The Russos made a spectacle. Stålenhag made something you need to sit with. The book's melancholy only works at your own pace.,Stålenhag's paintings create melancholy beauty cinema cannot pause for.,Book Wins,2026-04-11
the-fault-in-our-stars.html,the-fault-in-our-stars,The Fault in Our Stars: Book vs Movie – Hazel's Sardonic Voice Matters,"Green's Hazel is sardonic, precise, and darkly funny. The film smooths her into something softer. Read the book first—the voice is the experience.",Hazel's first-person voice is sardonic and precise; no performance replicates it.,Book Wins,2026-04-11
the-firm.html,the-firm,The Firm: Book vs Movie – Grisham's Brilliant Ending vs Pollack's Chase,Grisham's novel ends with billing fraud brilliance. Pollack's film ends with a chase. The adaptation made Cruise watchable but lost what made Grisham clever.,Novel's billing fraud ending is smarter than film's chase climax.,Book Wins,2026-04-11
the-girl-with-the-dragon-tattoo-fincher.html,the-girl-with-the-dragon-tattoo-fincher,The Girl with the Dragon Tattoo: Fincher vs Larsson – Institutional Rot vs Iconic Reveal,Larsson's book gives you institutional rot and Lisbeth's full world. Fincher gives you one of cinema's great character reveals. Both essential.,Larsson's institutional depth vs Fincher's mastery and Mara's performance.,Too Close to Call,2026-04-11
the-giver.html,the-giver,The Giver: Book vs Movie – Lowry's Restraint Creates the Dread,Lowry's novel withholds what the 2014 film expands into action. That restraint is the entire point. The adaptation misses what made it devastating.,Novel's restraint and twelve-year-old protagonist create dread film can't replicate.,Book Wins,2026-04-11
the-glass-castle.html,the-glass-castle,The Glass Castle: Book vs Movie – Walls Refuses to Soften Rex's Violence,Cretton's film turns Rex Walls into a lovable drunk. Walls's memoir never lets you forget he's dangerous. Read the book first.,Walls refuses to soften Rex's violence; film sanitizes it into charm.,Book Wins,2026-04-11
the-godfather.html,the-godfather,The Godfather: Book vs Movie – When Coppola Made Art From Puzo's Pulp,Puzo wrote a bestselling crime novel. Coppola made a masterpiece of American tragedy. The film transcends the source completely.,Coppola's vision transcends Puzo's pulp source material entirely.,Film Wins,2026-04-13
the-great-gatsby.html,the-great-gatsby,The Great Gatsby: Book vs Movie – Read It. No Film Can Touch Fitzgerald's Prose,DiCaprio's face is beautiful. Fitzgerald's prose is the thing. One hundred and eighty pages that no amount of visual spectacle can replace. Read it first.,Fitzgerald's prose is the experience; no film can replicate it.,Book Wins,2026-04-11
the-handmaids-tale.html,the-handmaids-tale,The Handmaid's Tale: Book vs Series – Offred's Voice Only Exists in Atwood,Schlöndorff tried. Hulu tried harder. Neither can do what Atwood does with first-person uncertainty and the Historical Notes. Read the book first.,Atwood's narration and Historical Notes metafiction cannot be replicated.,Book Wins,2026-04-11
the-haunting-of-hill-house.html,the-haunting-of-hill-house,The Haunting of Hill House: Jackson vs Flanagan – Book vs Netflix Series,Jackson's prose performs psychological dissolution. Flanagan's series makes ghosts visible and real. Both are masterpieces. Which to experience first?,Jackson's prose performs dissolution; Flanagan makes ghosts visible and real.,Too Close to Call,2026-04-11
the-help.html,the-help,The Help: Book vs Movie – Three Voices vs Viola Davis,"Stockett's novel gives Aibileen, Minny, and Skeeter equal voice. Taylor's film belongs to Viola Davis. Read the book first for the full chorus.",Novel's three equal first-person voices cannot be compressed into film.,Book Wins,2026-04-11
the-hours.html,the-hours,The Hours: Book vs Movie – Cunningham's Echoes vs Glass's Score,Cunningham's prose rhythms do what only reading can. Glass's score does what only music can. Both are essential. Start with either.,Cunningham's prose echoes Woolf; Glass's score does in music what prose can't.,Too Close to Call,2026-04-11
the-housemaid.html,the-housemaid,The Housemaid: Book vs Movie – McFadden's 300-Page Misdirection,"Feig made a fun, campy thriller. McFadden engineered 300 pages of misdirection that makes the payoff devastating. Read the book first.",McFadden's 300-page misdirection lands harder than Feig's abbreviated twist.,Book Wins,2026-04-11
the-lincoln-lawyer.html,the-lincoln-lawyer,The Lincoln Lawyer: Book vs Movie – Connelly's Trap vs Furman's Race,McConaughey's charm can't replicate what Connelly does in Haller's head. The film races past the moral trap the book makes inescapable.,Connelly's procedural detail makes Haller's ethical bind genuinely inescapable.,Book Wins,2026-04-11
the-longest-ride.html,the-longest-ride,The Longest Ride: Book vs Movie – Ira's Voice Is Sparks's Best,Sparks spent 400 pages building Ira's first-person voice into something rare for him. Tillman's film can't replicate that accumulation. Read first.,Ira's first-person voice accumulates across 400 pages into Sparks's best character.,Book Wins,2026-04-11
the-lovely-bones.html,the-lovely-bones,The Lovely Bones: Book vs Movie – Sebold's Restraint vs Jackson's Spectacle,Jackson made something beautiful. It still can't do what Sebold does with Susie's restrained voice. The spectacle kills the restraint. Read first.,Susie's restrained voice accumulates grief; film's spectacle disperses it.,Book Wins,2026-04-11
the-martian.html,the-martian,The Martian: Book vs Movie – Weir's Logs vs Scott's Rescue,"Damon nails Watney's humor, but Weir's problem-solving lives inside your head in ways no film can match. Both are essential sci-fi.",Weir's log entries own the mind; Scott's rescue owns the screen.,Too Close to Call,2026-04-11
the-maze-runner-film.html,the-maze-runner-film,The Maze Runner: Book vs Movie – Dashner's World-Building vs Ball's Tension,"Ball's film is tense and lean, but Dashner's slow accumulation of the Glade's rules has a weight Ball can only suggest. Read first.",Novel's slow revelation of Glade society has texture film compresses.,Book Wins,2026-04-11
the-notebook.html,the-notebook,The Notebook: Book vs Movie – Sparks's Haunted Noah vs Gosling's Builder,The film has the chemistry. The book has the weight. Sparks wrote a man haunted by loss. Cassavetes cast a man who builds things. Read first.,Sparks's Noah is a thinker haunted by loss; Gosling's is a doer.,Book Wins,2026-04-11
the-odyssey.html,the-odyssey,The Odyssey: Book vs Movie – Homer's Similes vs Nolan's Fractured Time,Nolan's chronology mirrors Homer's structure in ways no linear film could. But the epic similes? Those live only on the page. Read first.,Homer's epic similes vs Nolan's fractured chronology mirroring the poem.,Too Close to Call,2026-04-11
the-outsider.html,the-outsider,The Outsider: Book vs HBO Series – King's Genre Pivot Shocks,King builds a procedural so convincing that the horror pivot feels earned and terrifying. HBO's series signals it from episode one. Read first.,Genre pivot shocks hardest when built across novel's procedural logic.,Book Wins,2026-04-11
the-outsiders.html,the-outsiders,The Outsiders: Book vs Movie – Hinton's Ponyboy vs Coppola's Ensemble,"Hinton's novel gives you a fifteen-year-old's voice. Coppola's film gives you Dillon, Lowe, Cruise, Swayze. Both matter. Either order works.",Novel owns Ponyboy's voice; film owns the ensemble that launched careers.,Too Close to Call,2026-04-11
the-pelican-brief.html,the-pelican-brief,The Pelican Brief: Book vs Movie – Grisham's Gray Darby vs Pakula's Roberts,Pakula cast Julia Roberts and erased the moral compromises that made Darby Shaw dangerous. The book's conspiracy has teeth. Read first.,Grisham's legal detail and Gray's moral compromises vanish in Pakula's adaptation.,Book Wins,2026-04-11
the-pianist.html,the-pianist,The Pianist: Book vs Movie – Szpilman's Testimony vs Brody's Wasting Body,Szpilman's memoir gives you survival in his own words. Polanski gives you Brody's body wasting away in real time. Both are essential.,Szpilman's voice vs Brody's skeletal frame—testimony vs witness.,Too Close to Call,2026-04-11
the-picture-of-dorian-gray.html,the-picture-of-dorian-gray,The Picture of Dorian Gray: Book vs Movie – Wilde's Epigrams Can't Be Filmed,"Parker's film looks lush but can't capture Wilde's epigrammatic brilliance. Without the prose, Lord Henry becomes a villain instead of a philosopher.",Wilde's epigrammatic prose and Lord Henry's philosophy are irreplaceable.,Book Wins,2026-04-11
the-pillars-of-the-earth.html,the-pillars-of-the-earth,The Pillars of the Earth: Book vs Series – Follett Teaches How Cathedrals Rise,"Follett's novel makes you understand stone and mortar. The series makes you watch them stack. One gives you medieval craft, the other spectacle.",Novel teaches how cathedrals are built; series only shows them rising.,Book Wins,2026-04-11
the-princess-bride.html,the-princess-bride,The Princess Bride: Book vs Movie – Goldman's Frame vs Patinkin's Inigo,Goldman wrote both. The book has a meta-fictional frame the film can't touch. The film has Patinkin's Inigo the book can't match. Both win.,Goldman's meta-fictional frame vs Patinkin's Inigo.,Too Close to Call,2026-04-11
the-road.html,the-road,The Road: Book vs Movie – McCarthy's Prose Enacts the Degradation,Hillcoat made a faithful adaptation. It's still considerably lesser. McCarthy's prose isn't decoration—it's the whole point. Read first.,McCarthy's stripped prose enacts degradation; film only shows the story.,Book Wins,2026-04-11
the-secret-garden.html,the-secret-garden,The Secret Garden: Book vs Movie – Burnett's Slow Healing vs Film Speed,Munden made a beautiful film. But recovery doesn't work at film speed. Burnett's repetitive pacing is the point. Read the book first.,"Burnett's slow, repetitive pacing is the argument about how healing works.",Book Wins,2026-04-11
the-secret-life-of-bees.html,the-secret-life-of-bees,The Secret Life of Bees: Book vs Movie – Lily's Guilt Is Real in Kidd,The film gives you Queen Latifah and Dakota Fanning. It doesn't give you the weight of what Lily carries. Read Kidd's book first.,Kidd's prose holds Lily's guilt and complicity; film sands down edges.,Book Wins,2026-04-11
the-shining.html,the-shining,The Shining: Book vs Movie – King's Tragedy vs Kubrick's Monster,King wrote a tragedy about a good man destroyed by evil. Kubrick made a horror film about a man who was always a monster. Read the book first.,King's Jack is corrupted by evil; Kubrick's Jack already is evil.,Book Wins,2026-04-11
the-sisterhood-of-the-traveling-pants.html,the-sisterhood-of-the-traveling-pants,The Sisterhood of the Traveling Pants: Book vs Movie – Four Interior Lives vs Four Plots,Brashares gives you four interior lives through rotating first-person chapters. Kwapis gives you four plots. The difference is everything. Read first.,"Brashares's rotating chapters inhabit each girl; film captures plot, misses depth.",Book Wins,2026-04-11
the-three-body-problem.html,the-three-body-problem,The Three-Body Problem: Book vs Netflix Series – Cultural Revolution Trauma Matters,Liu's novel is shaped by Cultural Revolution trauma. Netflix treats it as exposition. Read the book first or you'll miss the philosophy.,Cultural Revolution trauma drives novel's philosophy; series reduces to flashbacks.,Book Wins,2026-04-11
the-thursday-murder-club.html,the-thursday-murder-club,The Thursday Murder Club: Book vs Movie – Joyce's Voice and Elizabeth's Secrets,Osman's novel lives in Joyce's diary voice and Elizabeth's ambiguous secrets. The 2026 film flattens both into plot devices. Read the book first.,Joyce's diary entries and Elizabeth's past survive only on the page.,Book Wins,2026-04-11
the-time-travelers-wife.html,the-time-travelers-wife,The Time Traveler's Wife: Book vs Movie – Date Headings Are the Structure,Schwentke linearized the romance and lost what makes Niffenegger's novel devastating. Every scene means differently because of what surrounds it.,Novel's non-linear structure—date headings that recontextualize—can't be filmed.,Book Wins,2026-04-11
the-witcher.html,the-witcher,The Witcher: The Last Wish Book vs Netflix Series – Moral Clarity vs Fractured Structure,"Cavill nails Geralt, but the show's fractured structure buries what makes Sapkowski's short stories work. Read The Last Wish first.",Short stories' self-contained moral clarity survives only on the page.,Book Wins,2026-04-11
the-woman-in-the-window.html,the-woman-in-the-window,The Woman in the Window: Book vs Movie – Finn's Complicit Reader vs Wright's Observer,Finn's unreliable narrator traps you inside Anna's delusion and makes you complicit. Wright's film watches from outside. Read the book first—it's the only way in.,First-person unreliable narration makes you complicit; film externalizes.,Book Wins,2026-04-11
thirteen-reasons-why.html,thirteen-reasons-why,Thirteen Reasons Why: Book vs Netflix Series – Asher's Restraint vs Netflix's Exploitation,Asher's restraint lets Hannah own her story. Netflix's graphic scenes and invented seasons turn her suicide into spectacle. Read the book first.,Asher's single-night structure and restraint preserve Hannah's voice; Netflix exploits it.,Book Wins,2026-04-11
to-kill-a-mockingbird.html,to-kill-a-mockingbird,To Kill a Mockingbird: Book vs Movie – Scout's Double Voice vs Peck's Atticus,Lee's double narration gives you Scout at eight and thirty-three. Peck gives you the most iconic Atticus ever filmed. Both are essential.,Scout's double narration vs Peck's Atticus.,Too Close to Call,2026-04-11
verity.html,verity,Verity: Book vs Movie – The Manuscript's Horror Only Works Unfilmed,Hoover's graphic passages create dread no studio will touch. Hathaway's restrained performance can't replicate what you imagine on the page.,Manuscript's graphic passages create visceral dread film's restraint can't replicate.,Book Wins,2026-04-11
water-for-elephants.html,water-for-elephants,Water for Elephants: Book vs Movie – Gruen's Violence vs Lawrence's Romance,Lawrence turned Gruen's violent circus novel into a Pattinson romance. The dual timeline and unflinching cruelty that made the book work vanish.,Gruen's dual timeline and unflinching violence create depth film's romance can't.,Book Wins,2026-04-11
where-the-crawdads-sing.html,where-the-crawdads-sing,Where the Crawdads Sing: Book vs Movie – Owens's Nature Writing Is Irreplaceable,"Edgar-Jones is excellent. The marsh is beautiful. But this is a novel about growing up inside a landscape, and that feeling only exists on the page.","Owens's nature writing—firefly behavior, tidal patterns—is the novel's irreplaceable voice.",Book Wins,2026-04-11
white-noise.html,white-noise,White Noise: Book vs Movie – DeLillo's Language Is the Plot,Baumbach nails the supermarket and the airborne toxic event. He can't film the prose style that makes them mean something. Read DeLillo's book.,"DeLillo's prose—brand names, fragmented rhythm, linguistic breakdown—can't be filmed.",Book Wins,2026-04-11
wolf-hall.html,wolf-hall,Wolf Hall: Book vs HBO Series – Mantel's Present Tense vs Rylance's Cromwell,Rylance's performance is definitive. But Mantel's present-tense prose puts you inside Cromwell's calculations in ways no actor can. Read first.,Mantel's present-tense narration seals you inside Cromwell's mind.,Book Wins,2026-04-11
world-war-z.html,world-war-z,World War Z: Book vs Movie – Brooks's Oral History Can't Be Filmed,"Forster made a decent action thriller. Brooks wrote something formally original that only works on the page. They share a title, nothing else.",Brooks's oral history format cannot survive translation to film.,Book Wins,2026-04-11
wuthering-heights.html,wuthering-heights,Wuthering Heights: Book vs Movie – Brontë's Nested Narrative Withholds Heathcliff,Brontë's novel withholds Heathcliff through Nelly and Lockwood. Film must show him directly. That structural choice is everything. Read first.,Nested narrative structure—withholding and displacing—only works on page.,Book Wins,2026-04-11
